"${0}", "${0}",
"${0} ${1} already exists.","${0} ${1} ପୂର୍ବରୁ ଅଛି।",
"${0} ${1} does not exist","${0} ${1} ଅସ୍ତିତ୍ୱରେ ନାହିଁ",
"${0} ${1} has been modified after loading please reload entry.","${0} ${1} କୁ ଲୋଡ୍ କରିବା ପରେ ପରିବର୍ତ୍ତନ କରାଯାଇଛି, ଦୟାକରି ଏଣ୍ଟ୍ରିକୁ ପୁନର୍ବାର ଲୋଡ୍ କରନ୍ତୁ।",
"${0} ${1} is linked with existing records.","${0} ${1} ବିଦ୍ୟମାନ ରେକର୍ଡଗୁଡିକ ସହିତ ଜଡିତ ଅଛି।",
"${0} account not set in Inventory Settings.","${0} ଆକାଉଣ୍ଟ ଇନଭେଣ୍ଟ୍ରି ସେଟିଂସମୂହରେ ସେଟ୍ ହୋଇନାହିଁ।",
"${0} already applied.","${0} ପୂର୍ବରୁ ପ୍ରୟୋଗ କରାଯାଇଛି।",
"${0} already saved","${0} ପୂର୍ବରୁ ସେଭ୍ କରାଯାଇଛି",
"${0} already submitted","${0} ପୂର୍ବରୁ ଦାଖଲ କରାଯାଇଛି",
"${0} cancelled","${0} ବାତିଲ କରାଯାଇଛି",
"${0} cannot be cancelled","${0} ବାତିଲ କରାଯାଇପାରିବ ନାହିଁ",
"${0} cannot be deleted","${0} ଡିଲିଟ୍ କରାଯାଇପାରିବ ନାହିଁ",
"${0} deleted","${0} ଡିଲିଟ୍ ହୋଇଛି",
"${0} entries failed","${0} ଏଣ୍ଟ୍ରି ବିଫଳ ହୋଇଛି",
"${0} entries imported","${0} ଏଣ୍ଟ୍ରି ଆମଦାନୀ ହୋଇଛି",
"${0} entry failed","${0} ଏଣ୍ଟ୍ରି ବିଫଳ ହୋଇଛି",
"${0} entry imported","${0} ଏଣ୍ଟ୍ରି ଆମଦାନୀ ହୋଇଛି",
"${0} fields selected","${0} ଫିଲ୍ଡ ଚୟନ କରାଯାଇଛି",
"${0} filters applied","${0} ଫିଲ୍ଟର୍ ପ୍ରୟୋଗ କରାଯାଇଛି",
"${0} has linked child accounts.","${0} ର ଲିଙ୍କ୍ ହୋଇଥିବା ଚାଇଲ୍ଡ ଆକାଉଣ୍ଟଗୁଡିକ ଅଛି।",
"${0} of type ${1} does not exist","${1} ପ୍ରକାରର ${0} ଅସ୍ତିତ୍ୱରେ ନାହିଁ",
"${0} only has ${1} points","${0} ରେ କେବଳ ${1} ପଏଣ୍ଟ ଅଛି",
"${0} out of ${1}","${1} ମଧ୍ୟରୁ ${0}",
"${0} party ${1} is different from ${2}","${0} ପାର୍ଟି ${1}, ${2} ଠାରୁ ଭିନ୍ନ ଅଟେ",
"${0} quantity 1 added.","${0} ପରିମାଣ 1 ଯୋଡାଗଲା।",
"${0} row added.","${0} ଧାଡି ଯୋଡାଗଲା।",
"${0} rows","${0} ଧାଡିଗୁଡିକ",
"${0} rows added.","${0} ଧାଡିଗୁଡିକ ଯୋଡାଗଲା।",
"${0} saved","${0} ସେଭ୍ ହୋଇଛି",
"${0} shortcuts","${0} ସର୍ଟକଟ୍",
"${0} stored at ${1}","${0}, ${1} ଠାରେ ଗଚ୍ଛିତ ଅଛି",
"${0} submitted","${0} ଦାଖଲ ହୋଇଛି",
"${0} value ${1} does not exist.","${0} ମୂଲ୍ୟ ${1} ଅସ୍ତିତ୍ୱରେ ନାହିଁ।",
0%,0%,
03-23-2022,03-23-2022,
03/23/2022,03/23/2022,
"1 filter applied","1 ଫିଲ୍ଟର୍ ପ୍ରୟୋଗ କରାଯାଇଛି",
2022-03-23,2022-03-23,
"23 Mar, 2022","23 ମାର୍ଚ୍ଚ, 2022",
23-03-2022,23-03-2022,
23.03.2022,23.03.2022,
23/03/2022,23/03/2022,
9888900000,9888900000,
"A submittable entry is deleted only if it is in the cancelled state.","ଏକ ଦାଖଲ ଯୋଗ୍ୟ ଏଣ୍ଟ୍ରି କେବଳ ସେତିକିବେଳେ ଡିଲିଟ୍ କରାଯାଇପାରିବ ଯଦି ଏହା ବାତିଲ୍ ସ୍ଥିତିରେ ଥାଏ।",
Account,ଖାତା,
"Account ${0} does not exist.","ଖାତା ${0} ଅସ୍ତିତ୍ୱରେ ନାହିଁ।",
"Account Entries","ଖାତା ଏଣ୍ଟ୍ରିଗୁଡିକ",
"Account Name","ଖାତାର ନାମ",
"Account Type","ଖାତାର ପ୍ରକାର",
Accounting,ଆକାଉଣ୍ଟିଂ (Accounting),
"Accounting Entries","ଆକାଉଣ୍ଟିଂ ଏଣ୍ଟ୍ରିଗୁଡିକ",
"Accounting Ledger Entry","ଆକାଉଣ୍ଟିଂ ଲେଜର ଏଣ୍ଟ୍ରି",
"Accounting Settings","ଆକାଉଣ୍ଟିଂ ସେଟିଂସମୂହ",
Accounts,ଖାତାଗୁଡିକ,
"Accounts Payable","ଦେୟ ଖାତା",
"Accounts Receivable","ପ୍ରାପ୍ୟ ଖାତା",
"Accumulated Depreciation","ସଞ୍ଚିତ ଅବକ୍ଷୟ (Accumulated Depreciation)",
Action,କାର୍ଯ୍ୟାନୁଷ୍ଠାନ,
Active,ସକ୍ରିୟ,
"Add Account","ଖାତା ଯୋଡନ୍ତୁ",
"Add Customers","ଗ୍ରାହକ ଯୋଡନ୍ତୁ",
"Add Group","ସମୂହ ଯୋଡନ୍ତୁ",
"Add Items","ଆଇଟମ୍ ଯୋଡନ୍ତୁ",
"Add Row","ଧାଡି ଯୋଡନ୍ତୁ",
"Add Suppliers","ଯୋଗାଣକାରୀ ଯୋଡନ୍ତୁ",
"Add Taxes","ଟିକସ ଯୋଡନ୍ତୁ",
"Add a few customers to create your first sales invoice","ଆପଣଙ୍କର ପ୍ରଥମ ସେଲ୍ସ ଇନଭଏସ୍ ତିଆରି କରିବା ପାଇଁ କିଛି ଗ୍ରାହକ ଯୋଡନ୍ତୁ",
"Add a few suppliers to create your first purchase invoice","ଆପଣଙ୍କର ପ୍ରଥମ ପରଚେଜ୍ ଇନଭଏସ୍ ତିଆରି କରିବା ପାଇଁ କିଛି ଯୋଗାଣକାରୀ ଯୋଡନ୍ତୁ",
"Add a filter","ଏକ ଫିଲ୍ଟର୍ ଯୋଡନ୍ତୁ",
"Add a remark","ଏକ ମନ୍ତବ୍ୟ ଯୋଡନ୍ତୁ",
"Add attachment","ଆଟାଚମେଣ୍ଟ ଯୋଡନ୍ତୁ",
"Add invoice terms","ଇନଭଏସ୍ ସର୍ତ୍ତାବଳୀ ଯୋଡନ୍ତୁ",
"Add products or services that you buy from your suppliers","ଆପଣଙ୍କ ଯୋଗାଣକାରୀଙ୍କ ଠାରୁ କିଣୁଥିବା ଉତ୍ପାଦ କିମ୍ବା ସେବାଗୁଡିକ ଯୋଡନ୍ତୁ",
"Add products or services that you sell to your customers","ଆପଣ ଗ୍ରାହକଙ୍କୁ ବିକ୍ରି କରୁଥିବା ଉତ୍ପାଦ କିମ୍ବା ସେବାଗୁଡିକ ଯୋଡନ୍ତୁ",
"Add transfer terms","ସ୍ଥାନାନ୍ତର ସର୍ତ୍ତାବଳୀ ଯୋଡନ୍ତୁ",
"Add'l Discounts","ଅତିରିକ୍ତ ରିହାତି",
"Additional ${0} Serial Numbers required for ${1} quantity of ${2}.","${2} ର ${1} ପରିମାଣ ପାଇଁ ଅତିରିକ୍ତ ${0} ସିରିଏଲ୍ ନମ୍ବର ଆବଶ୍ୟକ।",
"Additional quantity (${0}) required${1} to make outward transfer of item ${2} from ${3} on ${4}","${3} ରୁ ${4} ତାରିଖରେ ଆଇଟମ୍ ${2} ର ବାହ୍ୟ ସ୍ଥାନାନ୍ତର ପାଇଁ ଅତିରିକ୍ତ ପରିମାଣ (${0}) ଆବଶ୍ୟକ ${1}",
Address,ଠିକଣା,
"Address Display","ଠିକଣା ପ୍ରଦର୍ଶନ",
"Address Line 1","ଠିକଣା ଧାଡି 1",
"Address Line 2","ଠିକଣା ଧାଡି 2",
"Address Name","ଠିକଣା ନାମ",
"Administrative Expenses","ପ୍ରଶାସନିକ ଖର୍ଚ୍ଚ",
Alert,ସତର୍କତା,
All,ସମସ୍ତ,
Amount,ରାଶି,
"Amount Paid","ପୈଠ କରାଯାଇଥିବା ରାଶି",
"Amount: ${0} and writeoff: ${1} is less than the total amount allocated to references: ${2}.","ରାଶି: ${0} ଏବଂ ରାଇଟ୍-ଅଫ୍: ${1} ରେଫରେନ୍ସକୁ ଦିଆଯାଇଥିବା ମୋଟ ରାଶି ${2} ଠାରୁ କମ୍ ଅଟେ।",
"Amount: ${0} is less than the total amount allocated to references: ${1}.","ରାଶି: ${0} ରେଫରେନ୍ସକୁ ଦିଆଯାଇଥିବା ମୋଟ ରାଶି ${1} ଠାରୁ କମ୍ ଅଟେ।",
Amounts,ରାଶିଗୁଡିକ,
"An entry is cancelled only if it is in the submitted state.","ଏକ ଏଣ୍ଟ୍ରି କେବଳ ସେତିକିବେଳେ ବାତିଲ୍ ହୋଇଥାଏ ଯଦି ଏହା ଦାଖଲ ହୋଇଥିବା (submitted) ସ୍ଥିତିରେ ଥାଏ।",
"An entry is submitted only if it is submittable and is in the saved state.","ଏକ ଏଣ୍ଟ୍ରି କେବଳ ସେତିକିବେଳେ ଦାଖଲ ହୋଇଥାଏ ଯଦି ଏହା ଦାଖଲ ଯୋଗ୍ୟ ଏବଂ ସେଭ୍ ହୋଇଥିବା ସ୍ଥିତିରେ ଥାଏ।",
"An error occurred.","ଏକ ତ୍ରୁଟି ଘଟିଛି।",
And,ଏବଂ,
"Applicable anywhere in Frappe Books","ଫ୍ରାପେ ବୁକ୍ସରେ ଯେକୌଣସି ସ୍ଥାନରେ ପ୍ରଯୁଜ୍ୟ",
"Applicable when POS is open","POS ଖୋଲାଥିବା ବେଳେ ପ୍ରଯୁଜ୍ୟ",
"Applicable when Quick Search is open","କ୍ୱିକ୍ ସର୍ଚ୍ଚ ଖୋଲାଥିବା ବେଳେ ପ୍ରଯୁଜ୍ୟ",
"Applicable when Template Builder is open","ଟେମ୍ପଲେଟ୍ ବିଲ୍ଡର ଖୋଲାଥିବା ବେଳେ ପ୍ରଯୁଜ୍ୟ",
"Applicable when a entry is open in the Form view or Quick Edit view","ଯେତେବେଳେ ଫର୍ମ ଭ୍ୟୁ କିମ୍ବା କ୍ୱିକ୍ ଏଡିଟ୍ ଭ୍ୟୁରେ ଏକ ଏଣ୍ଟ୍ରି ଖୋଲାଥାଏ ସେତେବେଳେ ପ୍ରଯୁଜ୍ୟ",
"Applicable when the List View of an entry type is open","ଏଣ୍ଟ୍ରି ପ୍ରକାରର ଲିଷ୍ଟ ଭ୍ୟୁ (List View) ଖୋଲାଥିବା ବେଳେ ପ୍ରଯୁଜ୍ୟ",
"Application of Funds (Assets)","ପାଣ୍ଠିର ପ୍ରୟୋଗ (ସମ୍ପତ୍ତି)",
"Applied Coupon Codes","ପ୍ରୟୋଗ କରାଯାଇଥିବା କୁପନ କୋଡ୍",
"Applied Items","ପ୍ରୟୋଗ କରାଯାଇଥିବା ଆଇଟମ୍",
"Apply Discount After Tax","ଟିକସ ପରେ ରିହାତି ପ୍ରୟୋଗ କରନ୍ତୁ",
"Apply Price List","ମୂଲ୍ୟ ତାଲିକା ପ୍ରୟୋଗ କରନ୍ତୁ",
"Apply and view changes made to the print template","ପ୍ରିଣ୍ଟ ଟେମ୍ପଲେଟରେ କରାଯାଇଥିବା ପରିବର୍ତ୍ତନଗୁଡ଼ିକୁ ପ୍ରୟୋଗ କରନ୍ତୁ ଏବଂ ଦେଖନ୍ତୁ",
April,ଏପ୍ରିଲ୍,
Arial,ଏରିଏଲ୍,
"Ascending Order","ଆରୋହୀ କ୍ରମ",
Asset,ସମ୍ପତ୍ତି,
"Attach Image","ଛବି ସଂଲଗ୍ନ କରନ୍ତୁ",
Attachment,ସଂଲଗ୍ନକ,
August,ଅଗଷ୍ଟ,
"Auto Payments","ସ୍ୱୟଂଚାଳିତ ପେମେଣ୍ଟ",
"Auto Stock Transfer","ସ୍ୱୟଂଚାଳିତ ଷ୍ଟକ୍ ସ୍ଥାନାନ୍ତର",
Autocomplete,ଅଟୋକମ୍ପ୍ଲିଟ୍ (Autocomplete),
Back,ପଛକୁ ଫେରନ୍ତୁ,
"Back Reference","ବ୍ୟାକ୍ ରେଫରେନ୍ସ",
"Bad import data, could not read file.","ତ୍ରୁଟିପୂର୍ଣ୍ଣ ଆମଦାନୀ ଡାଟା, ଫାଇଲ୍ ପଢିହେଲା ନାହିଁ।",
Balance,ଶେଷ ବାକି (Balance),
"Balance Amount","ବାକି ଥିବା ରାଶି",
"Balance Sheet","ବ୍ୟାଲାନ୍ସ ସିଟ୍ (ସ୍ଥିତି ପତ୍ରକ)",
Bank,ବ୍ୟାଙ୍କ,
"Bank Accounts","ବ୍ୟାଙ୍କ ଖାତାଗୁଡ଼ିକ",
"Bank Entry","ବ୍ୟାଙ୍କ ଏଣ୍ଟ୍ରି",
"Bank Name","ବ୍ୟାଙ୍କର ନାମ",
"Bank Overdraft Account","ବ୍ୟାଙ୍କ ଓଭରଡ୍ରାଫ୍ଟ ଖାତା",
Barcode,ବାରକୋଡ୍,
"Base Grand Total","ବେସ୍ ଗ୍ରାଣ୍ଡ୍ ଟୋଟାଲ୍",
"Based On",ଆଧାରିତ,
Batch,ବ୍ୟାଚ୍,
"Batch not set for row ${0}.","ଧାଡି ${0} ପାଇଁ ବ୍ୟାଚ୍ ସେଟ୍ ହୋଇନାହିଁ।",
"Batch set for row ${0}.","ଧାଡି ${0} ପାଇଁ ବ୍ୟାଚ୍ ସେଟ୍ ହୋଇଛି।",
"Bill Created","ବିଲ୍ ପ୍ରସ୍ତୁତ ହୋଇଛି",
Billing,ବିଲିଂ,
Billion,ଏକ ବିଲିୟନ,
Black,କଳା,
Blue,ନୀଳ,
Both,ଉଭୟ,
"Both From and To Location cannot be undefined","'From' ଏବଂ 'To' ଲୋକେସନ ଅପରିଭାଷିତ ହୋଇ ରହିପାରିବ ନାହିଁ",
Buildings,କୋଠାଘର,
Cancel,ବାତିଲ କରନ୍ତୁ,
"Cancel ${0}?","${0} ବାତିଲ କରିବେ କି?",
"Cancel or Delete an entry.","ଏକ ଏଣ୍ଟ୍ରି ବାତିଲ୍ କରନ୍ତୁ କିମ୍ବା ଡିଲିଟ୍ କରନ୍ତୁ।",
Cancelled,ବାତିଲ କରାଯାଇଛି,
"Cannot Commit Error","ତ୍ରୁଟି କମିଟ୍ (Commit) କରାଯାଇପାରିବ ନାହିଁ",
"Cannot Delete","ଡିଲିଟ୍ କରାଯାଇପାରିବ ନାହିଁ",
"Cannot Delete Account","ଖାତା ଡିଲିଟ୍ କରାଯାଇପାରିବ ନାହିଁ",
"Cannot Export","ରପ୍ତାନି (Export) କରାଯାଇପାରିବ ନାହିଁ",
"Applicable when the List View of an entry type is open","ଏଣ୍ଟ୍ରି ପ୍ରକାରର ଲିଷ୍ଟ ଭ୍ୟୁ (List View) ଖୋଲାଥିବା ବେଳେ ପ୍ରଯୁଜ୍ୟ",
"Application of Funds (Assets)","ପାଣ୍ଠିର ପ୍ରୟୋଗ (ସମ୍ପତ୍ତି)",
"Applied Coupon Codes","ପ୍ରୟୋଗ କରାଯାଇଥିବା କୁପନ କୋଡ୍",
"Applied Items","ପ୍ରୟୋଗ କରାଯାଇଥିବା ଆଇଟମ୍",
"Apply Discount After Tax","ଟିକସ ପରେ ରିହାତି ପ୍ରୟୋଗ କରନ୍ତୁ",
"Apply Price List","ମୂଲ୍ୟ ତାଲିକା ପ୍ରୟୋଗ କରନ୍ତୁ",
"Apply and view changes made to the print template","ପ୍ରିଣ୍ଟ ଟେମ୍ପଲେଟରେ କରାଯାଇଥିବା ପରିବର୍ତ୍ତନଗୁଡ଼ିକୁ ପ୍ରୟୋଗ କରନ୍ତୁ ଏବଂ ଦେଖନ୍ତୁ",
April,ଏପ୍ରିଲ୍,
Arial,ଏରିଏଲ୍,
"Ascending Order","ଆରୋହୀ କ୍ରମ",
Asset,ସମ୍ପତ୍ତି,
"Attach Image","ଛବି ସଂଲଗ୍ନ କରନ୍ତୁ",
Attachment,ସଂଲଗ୍ନକ,
August,ଅଗଷ୍ଟ,
"Auto Payments","ସ୍ୱୟଂଚାଳିତ ପେମେଣ୍ଟ",
"Auto Stock Transfer","ସ୍ୱୟଂଚାଳିତ ଷ୍ଟକ୍ ସ୍ଥାନାନ୍ତର",
Autocomplete,ଅଟୋକମ୍ପ୍ଲିଟ୍ (Autocomplete),
Back,ପଛକୁ ଫେରନ୍ତୁ,
"Back Reference","ବ୍ୟାକ୍ ରେଫରେନ୍ସ",
"Bad import data, could not read file.","ତ୍ରୁଟିପୂର୍ଣ୍ଣ ଆମଦାନୀ ଡାଟା, ଫାଇଲ୍ ପଢିହେଲା ନାହିଁ।",
Balance,ଶେଷ ବାକି (Balance),
"Balance Amount","ବାକି ଥିବା ରାଶି",
"Balance Sheet","ବ୍ୟାଲାନ୍ସ ସିଟ୍ (ସ୍ଥିତି ପତ୍ରକ)",
Bank,ବ୍ୟାଙ୍କ,
"Bank Accounts","ବ୍ୟାଙ୍କ ଖାତାଗୁଡ଼ିକ",
"Bank Entry","ବ୍ୟାଙ୍କ ଏଣ୍ଟ୍ରି",
"Bank Name","ବ୍ୟାଙ୍କର ନାମ",
"Bank Overdraft Account","ବ୍ୟାଙ୍କ ଓଭରଡ୍ରାଫ୍ଟ ଖାତା",
Barcode,ବାରକୋଡ୍,
"Base Grand Total","ବେସ୍ ଗ୍ରାଣ୍ଡ୍ ଟୋଟାଲ୍",
"Based On",ଆଧାରିତ,
Batch,ବ୍ୟାଚ୍,
"Batch not set for row ${0}.","ଧାଡି ${0} ପାଇଁ ବ୍ୟାଚ୍ ସେଟ୍ ହୋଇନାହିଁ।",
"Batch set for row ${0}.","ଧାଡି ${0} ପାଇଁ ବ୍ୟାଚ୍ ସେଟ୍ ହୋଇଛି।",
"Bill Created","ବିଲ୍ ପ୍ରସ୍ତୁତ ହୋଇଛି",
Billing,ବିଲିଂ,
Billion,ଏକ ବିଲିୟନ,
Black,କଳା,
Blue,ନୀଳ,
Both,ଉଭୟ,
"Both From and To Location cannot be undefined","'From' ଏବଂ 'To' ଲୋକେସନ ଅପରିଭାଷିତ ହୋଇ ରହିପାରିବ ନାହିଁ",
Buildings,କୋଠାଘର,
Cancel,ବାତିଲ କରନ୍ତୁ,
"Cancel ${0}?","${0} ବାତିଲ କରିବେ କି?",
"Cancel or Delete an entry.","ଏକ ଏଣ୍ଟ୍ରି ବାତିଲ୍ କରନ୍ତୁ କିମ୍ବା ଡିଲିଟ୍ କରନ୍ତୁ।",
Cancelled,ବାତିଲ କରାଯାଇଛି,
"Cannot Commit Error","ତ୍ରୁଟି କମିଟ୍ (Commit) କରାଯାଇପାରିବ ନାହିଁ",
"Cannot Delete","ଡିଲିଟ୍ କରାଯାଇପାରିବ ନାହିଁ",
"Cannot Delete Account","ଖାତା ଡିଲିଟ୍ କରାଯାଇପାରିବ ନାହିଁ",
"Cannot Export","ରପ୍ତାନି (Export) କରାଯାଇପାରିବ ନାହିଁ",
Company,କମ୍ପାନୀ,
"Company Logo","କମ୍ପାନୀ ଲୋଗୋ",
"Company Name","କମ୍ପାନୀର ନାମ",
"Company Setup","କମ୍ପାନୀ ସେଟଅପ୍",
Completed,"ସମ୍ପୂର୍ଣ୍ଣ ହୋଇଛି",
Condition,ସର୍ତ୍ତ,
"Consolidate Columns","କଲମଗୁଡ଼ିକୁ ଏକତ୍ରିତ କରନ୍ତୁ",
Contacts,ସମ୍ପର୍କଗୁଡ଼ିକ,
Contains,"ଅନ୍ତର୍ଭୁକ୍ତ ଅଛି",
Continue,"ଆଗକୁ ବଢ଼ନ୍ତୁ",
"Continue submitting Sales Invoice?","ସେଲ୍ସ ଇନଭଏସ୍ ଦାଖଲ କରିବା ଜାରି ରଖିବେ କି?",
"Contra Entry","କଣ୍ଟ୍ରା ଏଣ୍ଟ୍ରି",
"Conversion Error","ରୂପାନ୍ତର ତ୍ରୁଟି",
"Conversion Factor","ରୂପାନ୍ତର ଗୁଣକ",
Converted,ରୂପାନ୍ତରିତ,
"Cost Of Goods Sold Acc.","ବିକ୍ରି ହୋଇଥିବା ସାମଗ୍ରୀର ମୂଲ୍ୟ ଖାତା (COGS Acc.)",
"Cost of Goods Sold","ବିକ୍ରି ହୋଇଥିବା ସାମଗ୍ରୀର ମୂଲ୍ୟ",
"Could not connect to database file ${0}, please select the file manually","ଡାଟାବେସ୍ ଫାଇଲ୍ ${0} ସହିତ ସଂଯୋଗ ହୋଇପାରିଲା ନାହିଁ, ଦୟାକରି ଫାଇଲ୍‌କୁ ମାନୁଆଲି ଚୟନ କରନ୍ତୁ",
Count,ଗଣନା,
"Counter Cash Account","କାଉଣ୍ଟର ନଗଦ ଖାତା",
Country,ଦେଶ,
"Country Code","ଦେଶ କୋଡ୍",
"Country code used to initialize regional settings.","ଆଞ୍ଚଳିକ ସେଟିଂସମୂହ ଆରମ୍ଭ କରିବା ପାଇଁ ବ୍ୟବହୃତ ଦେଶ କୋଡ୍।",
"Coupon ${0} is not applicable for applied items.","କୁପନ ${0} ପ୍ରୟୋଗ କରାଯାଇଥିବା ଆଇଟମ୍ ପାଇଁ ପ୍ରଯୁଜ୍ୟ ନୁହେଁ।",
"Coupon Code","କୁପନ କୋଡ୍",
"Coupon Name","କୁପନର ନାମ",
Coupons,କୁପନଗୁଡ଼ିକ,
Courier,କ୍ୟୁରିଅର୍,
Cr.,Cr.,
"Cr. ${0}","Cr. ${0}",
Create,ତିଆରି କରନ୍ତୁ,
"Create Demo","ଡେମୋ ତିଆରି କରନ୍ତୁ",
"Create Payment.","ପେମେଣ୍ଟ ତିଆରି କରନ୍ତୁ।",
"Create Purchase","କ୍ରୟ (Purchase) ତିଆରି କରନ୍ତୁ",
"Create Purchase Invoice","ପରଚେଜ୍ ଇନଭଏସ୍ ତିଆରି କରନ୍ତୁ",
"Create Sale","ବିକ୍ରୟ (Sale) ତିଆରି କରନ୍ତୁ",
"Create Sales Invoice","ସେଲ୍ସ ଇନଭଏସ୍ ତିଆରି କରନ୍ତୁ",
"Create a demo company to try out Frappe Books","Frappe Books ବ୍ୟବହାର କରି ଦେଖିବା ପାଇଁ ଏକ ଡେମୋ କମ୍ପାନୀ ତିଆରି କରନ୍ତୁ",
"Create a new company and store it on your computer","ଏକ ନୂତନ କମ୍ପାନୀ ତିଆରି କରନ୍ତୁ ଏବଂ ଏହାକୁ ଆପଣଙ୍କ କମ୍ପ୍ୟୁଟରରେ ସାଇତି ରଖନ୍ତୁ",
"Create a new company or select an existing one from your computer","ଏକ ନୂତନ କମ୍ପାନୀ ତିଆରି କରନ୍ତୁ କିମ୍ବା ଆପଣଙ୍କ କମ୍ପ୍ୟୁଟରରୁ ଏକ ବିଦ୍ୟମାନ କମ୍ପାନୀକୁ ଚୟନ କରନ୍ତୁ",
"Create a new entry of the same type as the List View","ଲିଷ୍ଟ ଭ୍ୟୁ ସହିତ ସମାନ ପ୍ରକାରର ଏକ ନୂତନ ଏଣ୍ଟ୍ରି ତିଆରି କରନ୍ତୁ",
"Create new ${0} entry?","ନୂତନ ${0} ଏଣ୍ଟ୍ରି ତିଆରି କରିବେ କି?",
"Create your first purchase invoice from the created supplier","ତିଆରି ହୋଇଥିବା ସପ୍ଲାୟର୍‌ଙ୍କ ଠାରୁ ଆପଣଙ୍କର ପ୍ରଥମ ପରଚେଜ୍ ଇନଭଏସ୍ ତିଆରି କରନ୍ତୁ",
"Create your first sales invoice for the created customer","ତିଆରି ହୋଇଥିବା ଗ୍ରାହକଙ୍କ ପାଇଁ ଆପଣଙ୍କର ପ୍ରଥମ ସେଲ୍ସ ଇନଭଏସ୍ ତିଆରି କରନ୍ତୁ",
Created,"ତିଆରି ହୋଇଛି",
"Created By","କାହା ଦ୍ୱାରା ତିଆରି ହୋଇଛି",
"Creating Items and Parties","ଆଇଟମ୍ ଏବଂ ପାର୍ଟି ତିଆରି କରୁଛି",
"Creating Journal Entries","ଜର୍ନାଲ୍ ଏଣ୍ଟ୍ରି ତିଆରି କରୁଛି",
"Creating Purchase Invoices","ପରଚେଜ୍ ଇନଭଏସ୍ ତିଆରି କରୁଛି",
Credit,କ୍ରେଡିଟ୍,
"Credit Card Entry","କ୍ରେଡିଟ୍ କାର୍ଡ ଏଣ୍ଟ୍ରି",
"Credit Note","କ୍ରେଡିଟ୍ ନୋଟ୍",
Creditors,ପାଉଣାଦାର (Creditors),
Currency,ମୁଦ୍ରା,
"Currency Name","ମୁଦ୍ରାର ନାମ",
Current,ବର୍ତ୍ତମାନ,
"Current Assets","ଚଳନ୍ତି ସମ୍ପତ୍ତି",
"Current Liabilities","ଚଳନ୍ତି ଦେୟ (Current Liabilities)",
"Custom Field","କଷ୍ଟମ ଫିଲ୍ଡ",
"Custom Fields","କଷ୍ଟମ ଫିଲ୍ଡଗୁଡିକ",
"Custom Form","କଷ୍ଟମ ଫର୍ମ",
"Custom Hex","କଷ୍ଟମ ହେକ୍ସ",
Customer,ଗ୍ରାହକ,
"Customer Created","ଗ୍ରାହକ ତିଆରି ହୋଇଛି",
"Customer Currency","ଗ୍ରାହକ ମୁଦ୍ରା",
Customers,ଗ୍ରାହକମାନେ,
Customizations,କଷ୍ଟମାଇଜେସନ୍,
"Customize Form","ଫର୍ମକୁ କଷ୍ଟମାଇଜ୍ କରନ୍ତୁ",
"Customize your invoices by adding a logo and address details","ଲୋଗୋ ଏବଂ ଠିକଣା ବିବରଣୀ ଯୋଡି ଆପଣଙ୍କର ଇନଭଏସକୁ କଷ୍ଟମାଇଜ୍ କରନ୍ତୁ",
"Dark mode","ଡାର୍କ ମୋଡ୍",
Dashboard,ଡ୍ୟାସବୋର୍ଡ,
Data,ଡାଟା,
"Database Error","ଡାଟାବେସ୍ ତ୍ରୁଟି",
"Database file: ${0}","ଡାଟାବେସ୍ ଫାଇଲ୍: ${0}",
Date,ତାରିଖ,
"Date Format","ତାରିଖ ଫର୍ମାଟ୍",
"Date Time","ତାରିଖ ଏବଂ ସମୟ",
Day,ଦିନ,
Debit,ଡେବିଟ୍,
"Debit Note","ଡେବିଟ୍ ନୋଟ୍",
Debtors,ଦେଣାଦାର (Debtors),
December,ଡିସେମ୍ବର,
"Decrease print template display scale","ପ୍ରିଣ୍ଟ ଟେମ୍ପଲେଟ୍ ପ୍ରଦର୍ଶନ ସ୍କେଲ୍ ହ୍ରାସ କରନ୍ତୁ",
Default,ଡିଫଲ୍ଟ,
"Default Account","ଡିଫଲ୍ଟ ଖାତା",
"Default Cash Denominations","ଡିଫଲ୍ଟ ନଗଦ ମୂଲ୍ୟବର୍ଗ",
"Default Location","ଡିଫଲ୍ଟ ସ୍ଥାନ",
Defaults,ଡିଫଲ୍ଟସ,
Delete,ଡିଲିଟ୍ କରନ୍ତୁ,
"Delete ${0}?","${0} ଡିଲିଟ୍ କରିବେ କି?",
"Delete Account","ଖାତା ଡିଲିଟ୍ କରନ୍ତୁ",
"Delete Failed","ଡିଲିଟ୍ ବିଫଳ ହୋଇଛି",
"Delete Group","ସମୂହ ଡିଲିଟ୍ କରନ୍ତୁ",
Delivered,ବିତରିତ,
Denomination,ମୂଲ୍ୟବର୍ଗ (Denomination),
Depreciation,ଅବକ୍ଷୟ (Depreciation),
"Depreciation Entry","ଅବକ୍ଷୟ ଏଣ୍ଟ୍ରି",
Description,ବିବରଣୀ,
Details,ବିବରଣୀ,
"Difference Amount","ପାର୍ଥକ୍ୟ ରାଶି",
"Direct Expenses","ପ୍ରତ୍ୟକ୍ଷ ଖର୍ଚ୍ଚ",
"Direct Income","ପ୍ରତ୍ୟକ୍ଷ ଆୟ",
"Directory for database file ${0} does not exist, please select the file manually","ଡାଟାବେସ୍ ଫାଇଲ୍ ${0} ପାଇଁ ଡିରେକ୍ଟୋରୀ ଅସ୍ତିତ୍ୱରେ ନାହିଁ, ଦୟାକରି ଫାଇଲ୍‌କୁ ମାନୁଆଲି ଚୟନ କରନ୍ତୁ",
Disabled,ଅକ୍ଷମ (Disabled),
"Discount Account","ରିହାତି ଖାତା",
"Discount Account is not set.","ରିହାତି ଖାତା ସେଟ୍ ହୋଇନାହିଁ।",
"Discount Amount","ରିହାତି ରାଶି",
"Discount Amount (${0}) cannot be greated than Amount (${1}).","ରିହାତି ରାଶି (${0}), ମୋଟ ରାଶି (${1}) ଠାରୁ ଅଧିକ ହୋଇପାରିବ ନାହିଁ।",
"Discount Percent","ରିହାତି ପ୍ରତିଶତ",
"Discount Percent (${0}) cannot be greater than 100.","ରିହାତି ପ୍ରତିଶତ (${0}), 100 ରୁ ଅଧିକ ହୋଇପାରିବ ନାହିଁ।",
"Discount Percentage","ରିହାତି ପ୍ରତିଶତ",
"Discount Type","ରିହାତି ପ୍ରକାର",
"Discounted Amount","ରିହାତି ପରର ରାଶି",
Discounts,ରିହାତି,
"Display Amount In Words","ରାଶିକୁ ଅକ୍ଷରରେ ପ୍ରଦର୍ଶନ କରନ୍ତୁ",
"Display Doc","ଡକ୍ୟୁମେଣ୍ଟ ପ୍ରଦର୍ଶନ କରନ୍ତୁ",
"Display Logo in Invoice","ଇନଭଏସ୍‌ରେ ଲୋଗୋ ପ୍ରଦର୍ଶନ କରନ୍ତୁ",
"Display Precision","ପ୍ରଦର୍ଶନ ସଠିକତା (Precision)",
"Display Precision should have a value between 0 and 9.","ପ୍ରଦର୍ଶନ ସଠିକତା ମୂଲ୍ୟ 0 ରୁ 9 ମଧ୍ୟରେ ହେବା ଉଚିତ୍।",
"Display Scale","ପ୍ରଦର୍ଶନ ସ୍କେଲ୍",
"Dividends Paid","ପୈଠ କରାଯାଇଥିବା ଲାଭାଂଶ",
"Do not Contact","ଯୋଗାଯୋଗ କରନ୍ତୁ ନାହିଁ",
"Doc ${0} ${1} not set","ଡକ୍ୟୁମେଣ୍ଟ ${0} ${1} ସେଟ୍ ହୋଇନାହିଁ",
Docs,ଡକ୍ୟୁମେଣ୍ଟଗୁଡିକ,
Documentation,ଡକ୍ୟୁମେଣ୍ଟେସନ୍,
"Does Not Contain","ଅନ୍ତର୍ଭୁକ୍ତ ନାହିଁ",
Done,ସମାପ୍ତ,
Dr.,Dr.,
"Dr. ${0}","Dr. ${0}",
Draft,ଡ୍ରାଫ୍ଟ,
Duplicate,ନକଲ (Duplicate),
"Duplicate Entry","ନକଲ ଏଣ୍ଟ୍ରି",
"Duplicate Template","ନକଲ ଟେମ୍ପଲେଟ୍",
"Duplicate columns found: ${0}","ନକଲ କଲମ୍ ମିଳିଛି: ${0}",
"Duties and Taxes","ଶୁଳ୍କ ଏବଂ ଟିକସ",
"Dynamic Link","ଡାଇନାମିକ ଲିଙ୍କ୍",
"Earnest Money","ବୟାନା ଅର୍ଥ",
Eight,ଆଠ,
Eighteen,ଅଠର,
Eighty,ଅଶୀ,
"Electronic Equipments","ଇଲେକ୍ଟ୍ରୋନିକ୍ ଉପକରଣଗୁଡ଼ିକ",
Eleven,ଏଗାର,
Email,ଇମେଲ୍,
"Email Address","ଇମେଲ୍ ଠିକଣା",
Empty,ଖାଲି,
"Empty file selected","ଖାଲି ଫାଇଲ୍ ଚୟନ କରାଯାଇଛି",
"Enable Barcodes","ବାରକୋଡ୍ ସକ୍ଷମ କରନ୍ତୁ",
"Enable Batches","ବ୍ୟାଚ୍ ସକ୍ଷମ କରନ୍ତୁ",
"Enable Coupon Code","କୁପନ କୋଡ୍ ସକ୍ଷମ କରନ୍ତୁ",
"Enable Discount Accounting","ରିହାତି ଆକାଉଣ୍ଟିଂ ସକ୍ଷମ କରନ୍ତୁ",
"Enable Form Customization","ଫର୍ମ କଷ୍ଟମାଇଜେସନ୍ ସକ୍ଷମ କରନ୍ତୁ",
"Enable Inventory","ଇନଭେଣ୍ଟ୍ରି ସକ୍ଷମ କରନ୍ତୁ",
"Enable Invoice Returns","ଇନଭଏସ୍ ରିଟର୍ଣ୍ଣ ସକ୍ଷମ କରନ୍ତୁ",
"Enable Lead","ଲିଡ୍ (Lead) ସକ୍ଷମ କରନ୍ତୁ",
"Enable Loyalty Program","ଲୟାଲଟି ପ୍ରୋଗ୍ରାମ ସକ୍ଷମ କରନ୍ତୁ",
"Enable Point of Sale","ପଏଣ୍ଟ ଅଫ୍ ସେଲ୍ (POS) ସକ୍ଷମ କରନ୍ତୁ",
"Enable Price List","ମୂଲ୍ୟ ତାଲିକା ସକ୍ଷମ କରନ୍ତୁ",
"Enable Pricing Rule","ମୂଲ୍ୟ ନିର୍ଧାରଣ ନିୟମ ସକ୍ଷମ କରନ୍ତୁ",
"Enable Serial Number","ସିରିଏଲ୍ ନମ୍ବର ସକ୍ଷମ କରନ୍ତୁ",
"Enable Stock Returns","ଷ୍ଟକ୍ ରିଟର୍ଣ୍ଣ ସକ୍ଷମ କରନ୍ତୁ",
"Enable UOM Conversion","UOM ରୂପାନ୍ତର ସକ୍ଷମ କରନ୍ତୁ",
Enabled,ସକ୍ଷମ,
"Enabled For","କାହା ପାଇଁ ସକ୍ଷମ",
"Enter Country to load States","ରାଜ୍ୟଗୁଡ଼ିକୁ ଲୋଡ୍ କରିବା ପାଇଁ ଦେଶ ପ୍ରବେଶ କରନ୍ତୁ",
"Enter State","ରାଜ୍ୟ ପ୍ରବେଶ କରନ୍ତୁ",
"Enter barcode","ବାରକୋଡ୍ ପ୍ରବେଶ କରନ୍ତୁ",
"Entertainment Expenses","ମନୋରଞ୍ଜନ ଖର୍ଚ୍ଚ",
Entry,ଏଣ୍ଟ୍ରି,
"Entry Currency","ଏଣ୍ଟ୍ରି ମୁଦ୍ରା",
"Entry Label","ଏଣ୍ଟ୍ରି ଲେବଲ୍",
"Entry No","ଏଣ୍ଟ୍ରି ନମ୍ବର",
"Entry No.","ଏଣ୍ଟ୍ରି ନମ୍ବର",
"Entry Type","ଏଣ୍ଟ୍ରି ପ୍ରକାର",
"Entry has Grand Total ${0}. Please verify amounts.","ଏଣ୍ଟ୍ରିର ମୋଟ ଯୋଗଫଳ ${0} ଅଟେ। ଦୟାକରି ରାଶି ଯାଞ୍ଚ କରନ୍ତୁ।",
Equity,ଇକ୍ୱିଟି (Equity),
Error,ତ୍ରୁଟି,
"Exchange Gain/Loss","ବିନିମୟ ଲାଭ/କ୍ଷତି",
"Exchange Rate","ବିନିମୟ ହାର",
"Excise Entry","ଅବକାରୀ (Excise) ଏଣ୍ଟ୍ରି",
"Existing Company","ବିଦ୍ୟମାନ କମ୍ପାନୀ",
Expand,ବିସ୍ତାର କରନ୍ତୁ,
"Expected Amount","ଅପେକ୍ଷିତ ରାଶି",
Expense,ଖର୍ଚ୍ଚ,
"Expense Account","ଖର୍ଚ୍ଚ ଖାତା",
Expenses,ଖର୍ଚ୍ଚଗୁଡ଼ିକ,
"Expenses Included In Valuation","ମୂଲ୍ୟାଙ୍କନରେ ଅନ୍ତର୍ଭୁକ୍ତ ଖର୍ଚ୍ଚ",
"Expiry Date","ସମାପ୍ତି ତାରିଖ",
"Expiry Duration","ସମାପ୍ତି ଅବଧି",
Export,ରପ୍ତାନି (Export),
"Export Failed","ରପ୍ତାନି ବିଫଳ ହୋଇଛି",
"Export Format","ରପ୍ତାନି ଫର୍ମାଟ୍",
"Export Successful","ରପ୍ତାନି ସଫଳ ହୋଇଛି",
"Export Wizard","ରପ୍ତାନି ୱିଜାର୍ଡ",
Failed,비ଫଳ,
Fax,ଫ୍ୟାକ୍ସ,
Features,ବିଶେଷତାଗୁଡ଼ିକ,
February,ଫେବୃଆରୀ,
Field,ଫିଲ୍ଡ,
Fieldname,ଫିଲ୍ଡ ନାମ,
"Fieldname ${0} already exists for ${1}","${1} ପାଇଁ ଫିଲ୍ଡ ନାମ ${0} ପୂର୍ବରୁ ଅଛି",
"Fieldname ${0} already used for Custom Field ${1}","ଫିଲ୍ଡ ନାମ ${0} ପୂର୍ବରୁ କଷ୍ଟମ ଫିଲ୍ଡ ${1} ପାଇଁ ବ୍ୟବହୃତ ହୋଇଛି",
Fieldtype,ଫିଲ୍ଡ ପ୍ରକାର,
Fifteen,ପନ୍ଦର,
Fifty,ପଚାଶ,
"File ${0} does not exist.","ଫାଇଲ୍ ${0} ଅସ୍ତିତ୍ୱରେ ନାହିଁ।",
"File selection failed","ଫାଇଲ୍ ଚୟନ ବିଫଳ ହୋଇଛି",
Fill,ପୂରଣ କରନ୍ତୁ,
Filter,ଫିଲ୍ଟର୍,
"Fiscal Year","ଆର୍ଥିକ ବର୍ଷ",
"Fiscal Year End Date","ଆର୍ଥିକ ବର୍ଷ ସମାପ୍ତି ତାରିଖ",
"Fiscal Year Start Date","ଆର୍ଥିକ ବର୍ଷ ଆରମ୍ଭ ତାରିଖ",
Five,ପାଞ୍ଚ,
"Fix Failed","ସଂଶୋଧନ ବିଫଳ ହୋଇଛି",
"Fixed Asset","ସ୍ଥାୟୀ ସମ୍ପତ୍ତି",
"Fixed Assets","ସ୍ଥାୟୀ ସମ୍ପତ୍ତିଗୁଡ଼ିକ",
Float,ଫ୍ଲୋଟ୍ (Float),
Floor,ଫ୍ଲୋର୍ (Floor),
"Following cells have errors: ${0}.","ନିମ୍ନଲିଖିତ ସେଲ୍‌ଗୁଡ଼ିକରେ ତ୍ରୁଟି ଅଛି: ${0}।",
"Following links do not exist: ${absentLinks .map((l) =>","ନିମ୍ନଲିଖିତ ଲିଙ୍କ୍‌ଗୁଡ଼ିକ ଅସ୍ତିତ୍ୱରେ ନାହିଁ: ${absentLinks .map((l) =>",
Font,ଫଣ୍ଟ,
"For Purchase","କ୍ରୟ ପାଇଁ",
"For Sales","ବିକ୍ରୟ ପାଇଁ",
"Forbidden Error","ନିଷିଦ୍ଧ ତ୍ରୁଟି (Forbidden Error)",
"Form Section","ଫର୍ମ ବିଭାଗ",
"Form Tab","ଫର୍ମ ଟ୍ୟାବ୍",
"Form Type","ଫର୍ମ ପ୍ରକାର",
Forty,ଚାଳିଶ,
Four,ଚାରି,
Fourteen,ଚଉଦ,
Fr,ଶୁକ୍ର,
Fraction,ଭଗ୍ନାଂଶ,
"Fraction Units","ଭଗ୍ନାଂଶ ୟୁନିଟ୍",
"Frappe Books does not have access to the selected file: ${0}","Frappe Books ପାଖରେ ମନୋନୀତ ଫାଇଲ୍ ପାଇଁ ଅନୁମତି ନାହିଁ: ${0}",
"Free Item","ମାଗଣା ଆଇଟମ୍",
"Free item '${0}' does not have a specified quantity","ମାଗଣା ଆଇଟମ୍ '${0}' ର କୌଣସି ନିର୍ଦ୍ଦିଷ୍ଟ ପରିମାଣ ନାହିଁ",
"Freight and Forwarding Charges","ମାଲ ପରିବହନ ଏବଂ ଅଗ୍ରଗାମୀ ଶୁଳ୍କ",
From,ଠାରୁ,
"From Account","ଖାତାରୁ",
"From Date","ଆରମ୍ଭ ତାରିଖ",
"From Lead","ଲିଡ୍‌ରୁ",
"From Loc.","ସ୍ଥାନରୁ",
"From Year","ଆରମ୍ଭ ବର୍ଷ",
"Full Name","ପୁରା ନାମ",
"Furnitures and Fixtures","ଆସବାବପତ୍ର ଏବଂ ଫିକ୍ସଚର୍",
GST,GST (ଜିଏସଟି),
"GSTIN No.","GSTIN ନମ୍ବର",
GSTR1,GSTR1,
GSTR2,GSTR2,
"Gain/Loss on Asset Disposal","ସମ୍ପତ୍ତି ବିକ୍ରୟ ବା ନିଷ୍କାସନରେ ଲାଭ/କ୍ଷତି",
General,ସାଧାରଣ,
"General Ledger","ସାଧାରଣ ଲେଜର (General Ledger)",
"Get Started","ଆରମ୍ଭ କରନ୍ତୁ",
Global,ବୈଶ୍ୱିକ,
"Go back to the previous page","ପୂର୍ବ ପୃଷ୍ଠାକୁ ଫେରିଯାଆନ୍ତୁ",
Gram,ଗ୍ରାମ,
"Grand Total","ସର୍ବମୋଟ (Grand Total)",
"Greater Than","ଠାରୁ ବଡ଼",
Green,ସବୁଜ,
"Group By","ସମୂହ ଅନୁଯାୟୀ (Group By)",
HSN/SAC,HSN/SAC,
"HSN/SAC Code","HSN/SAC କୋଡ୍",
"Half Yearly","ଅର୍ଦ୍ଧବାର୍ଷିକ",
"Half Years","ଅର୍ଦ୍ଧବର୍ଷ",
"Has Batch","ବ୍ୟାଚ୍ ଅଛି",
"Has Serial Number","ସିରିଏଲ୍ ନମ୍ବର ଅଛି",
"Height (in cm)","ଉଚ୍ଚତା (ସେମିରେ)",
Help,ସାହାଯ୍ୟ,
"Hex Value","ହେକ୍ସ (Hex) ମୂଲ୍ୟ",
"Hidden values will be visible on Print on.","ଲୁକ୍କାୟିତ ମୂଲ୍ୟଗୁଡ଼ିକ ପ୍ରିଣ୍ଟରେ ଦୃଶ୍ୟମାନ ହେବ।",
"Hide Get Started","'ଆରମ୍ଭ କରନ୍ତୁ'କୁ ଲୁଚାନ୍ତୁ",
"Hide Group Amounts","ସମୂହ ରାଶି ଲୁଚାନ୍ତୁ",
"Hide Month/Year","ମାସ/ବର୍ଷ ଲୁଚାନ୍ତୁ",
"Hides the Get Started section from the sidebar. Change will be visible on restart or refreshing the app.","ସାଇଡ୍‌ବାରରୁ 'ଆରମ୍ଭ କରନ୍ତୁ' ବିଭାଗକୁ ଲୁଚାଇଥାଏ। ଆପ୍ ପୁନର୍ବାର ଆରମ୍ଭ କଲେ କିମ୍ବା ରିଫ୍ରେଶ୍ କଲେ ପରିବର୍ତ୍ତନ ଦେଖାଯିବ।",
Hour,ଘଣ୍ଟା,
Hundred,ଶହେ,
INR,₹,
"If any entry form is open, save the details. Otherwise, save the invoice.","ଯଦି କୌଣସି ଏଣ୍ଟ୍ରି ଫର୍ମ ଖୋଲା ଅଛି, ବିବରଣୀ ସେଭ୍ କରନ୍ତୁ। ନଚେତ୍, ଇନଭଏସ୍ ସେଭ୍ କରନ୍ତୁ।",
"If any entry form is open, your entry will be canceled. Otherwise the selected items will be removed.","ଯଦି କୌଣସି ଏଣ୍ଟ୍ରି ଫର୍ମ ଖୋଲା ଅଛି, ଆପଣଙ୍କର ଏଣ୍ଟ୍ରି ବାତିଲ ହୋଇଯିବ। ନଚେତ୍ ମନୋନୀତ ଆଇଟମ୍‌ଗୁଡ଼ିକୁ ହଟାଇ ଦିଆଯିବ।",
Image,ଛବି,
"Import Complete","ଆମଦାନୀ ସମ୍ପୂର୍ଣ୍ଣ",
"Import Data","ଡାଟା ଆମଦାନୀ (Import)",
"Import Data.","ଡାଟା ଆମଦାନୀ କରନ୍ତୁ।",
"Import Type","ଆମଦାନୀ ପ୍ରକାର",
"Import Wizard","ଆମଦାନୀ ୱିଜାର୍ଡ",
"Importer not set, reload tool","ଆମଦାନୀକାରୀ ସେଟ୍ ହୋଇନାହିଁ, ଟୁଲ୍ ପୁନର୍ବାର ଲୋଡ୍ କରନ୍ତୁ",
Inactive,ନିଷ୍କ୍ରିୟ,
"Include Cancelled","ବାତିଲ ହୋଇଥିବା ଅନ୍ତର୍ଭୁକ୍ତ କରନ୍ତୁ",
Income,ଆୟ,
"Income Account","ଆୟ ଖାତା",
"Increase print template display scale","ପ୍ରିଣ୍ଟ ଟେମ୍ପଲେଟ୍ ପ୍ରଦର୍ଶନ ସ୍କେଲ୍ ବଢ଼ାନ୍ତୁ",
Indigo,ଇଣ୍ଡିଗୋ,
"Indirect Expenses","ଅପ୍ରତ୍ୟକ୍ଷ ଖର୍ଚ୍ଚ",
"Indirect Income","ଅପ୍ରତ୍ୟକ୍ଷ ଆୟ",
Inflow,ଇନଫ୍ଲୋ (Inflow),
"Instance Id","ଇନଷ୍ଟାନ୍ସ ଆଇଡି",
"Insufficient Quantity","ଅପର୍ଯ୍ୟାପ୍ତ ପରିମାଣ",
"Insufficient Quantity.","ଅପର୍ଯ୍ୟାପ୍ତ ପରିମାଣ।",
"Insufficient Quantity. Item ${0} has only ${1} quantities available. you selected ${2}","ଅପର୍ଯ୍ୟାପ୍ତ ପରିମାଣ। ଆଇଟମ୍ ${0} ପାଇଁ କେବଳ ${1} ପରିମାଣ ଉପଲବ୍ଧ ଅଛି। ଆପଣ ${2} ମନୋନୀତ କରିଛନ୍ତି।",
Int,ଇଣ୍ଟ (Int),
Interested,ଆଗ୍ରହୀ,
"Integrated Tax","ସମନ୍ୱିତ ଟିକସ (Integrated Tax)",
"Internal Precision","ଆଭ୍ୟନ୍ତରୀଣ ସଠିକତା (Internal Precision)",
"Invalid HSN Code.","ଅମାନ୍ୟ HSN କୋଡ୍।",
"Invalid Key Error","ଅମାନ୍ୟ କି (Key) ତ୍ରୁଟି",
"Invalid Quantity for Item ${0}","ଆଇଟମ୍ ${0} ପାଇଁ ଅମାନ୍ୟ ପରିମାଣ",
"Invalid barcode value ${0}.","ଅମାନ୍ୟ ବାରକୋଡ୍ ମୂଲ୍ୟ ${0}।",
"Invalid value ${0} for ${1}","${1} ପାଇଁ ଅମାନ୍ୟ ମୂଲ୍ୟ ${0}",
"Invalid value found for ${0}","${0} ପାଇଁ ଅମାନ୍ୟ ମୂଲ୍ୟ ମିଳିଛି",
Inventory,ଇନଭେଣ୍ଟ୍ରି,
"Inventory Settings","ଇନଭେଣ୍ଟ୍ରି ସେଟିଂସମୂହ",
Investments,ନିବେଶ,
Invoice,ଇନଭଏସ୍,
"Invoice Created","ଇନଭଏସ୍ ତିଆରି ହୋଇଛି",
"Invoice Date","ଇନଭଏସ୍ ତାରିଖ",
"Invoice Item","ଇନଭଏସ୍ ଆଇଟମ୍",
"Invoice No","ଇନଭଏସ୍ ନମ୍ବର",
"Invoice No.","ଇନଭଏସ୍ ନମ୍ବର",
"Invoice Value","ଇନଭଏସ୍ ମୂଲ୍ୟ",
Invoices,ଇନଭଏସ୍‌ଗୁଡ଼ିକ,
Is,ଅଟେ,
"Is Coupon Code Based","କୁପନ କୋଡ୍ ଆଧାରିତ କି",
"Is Custom","କଷ୍ଟମ କି",
"Is Empty","ଖାଲି ଅଛି କି",
"Is Enabled","ସକ୍ଷମ ଅଛି କି",
"Is Group","ସମୂହ କି",
"Is Landscape","ଲ୍ୟାଣ୍ଡସ୍କେପ୍ (Landscape) କି",
"Is Multiple","ଏକାଧିକ କି",
"Is Not","ନୁହେଁ",
"Is Not Empty","ଖାଲି ନାହିଁ",
"Is POS Shift Open","POS ସିଫ୍ଟ ଖୋଲା ଅଛି କି",
"Is Price List Enabled","ମୂଲ୍ୟ ତାଲିକା ସକ୍ଷମ ଅଛି କି",
"Is Pricing Rule Enabled","ମୂଲ୍ୟ ନିର୍ଧାରଣ ନିୟମ ସକ୍ଷମ ଅଛି କି",
"Is Recursive","ପୁନରାବର୍ତ୍ତୀ (Recursive) କି",
"Is Required","ଆବଶ୍ୟକ କି",
"Is Whole","ସମ୍ପୂର୍ଣ୍ଣ କି",
Item,ଆଇଟମ୍,
"Item ${0} has Zero Quantity","ଆଇଟମ୍ ${0} ର ପରିମାଣ ଶୂନ ଅଛି",
"Item ${0} is a batched item","ଆଇଟମ୍ ${0} ଏକ ବ୍ୟାଚ୍ ଆଇଟମ୍ ଅଟେ",
"Item ${0} is not a batched item","ଆଇଟମ୍ ${0} ଏକ ବ୍ୟାଚ୍ ଆଇଟମ୍ ନୁହେଁ",
"Item ${0} not in Stock","ଆଇଟମ୍ ${0} ଷ୍ଟକ୍‌ରେ ନାହିଁ",
"Item ${0} only has ${1} Quantity","ଆଇଟମ୍ ${0} ରେ କେବଳ ${1} ପରିମାଣ ଅଛି",
"Item Description","ଆଇଟମ୍ ବିବରଣୀ",
"Item Discounts","ଆଇଟମ୍ ରିହାତି",
"Item Name","ଆଇଟମ୍ ନାମ",
"Item Prices","ଆଇଟମ୍ ମୂଲ୍ୟ",
"Item with From location not found","'From' ଲୋକେସନ୍ ଥିବା ଆଇଟମ୍ ମିଳିଲା ନାହିଁ",
"Item with To location not found","'To' ଲୋକେସନ୍ ଥିବା ଆଇଟମ୍ ମିଳିଲା ନାହିଁ",
"Item with barcode ${0} not found.","ବାରକୋଡ୍ ${0} ଥିବା ଆଇଟମ୍ ମିଳିଲା ନାହିଁ।",
Items,ଆଇଟମ୍‌ଗୁଡ଼ିକ,
January,ଜାନୁଆରୀ,
"John Doe","ଜନ୍ ଡୋ (John Doe)",
"Journal Entries","ଜର୍ନାଲ୍ ଏଣ୍ଟ୍ରିଗୁଡ଼ିକ",
"Journal Entry","ଜର୍ନାଲ୍ ଏଣ୍ଟ୍ରି",
"Journal Entry Account","ଜର୍ନାଲ୍ ଏଣ୍ଟ୍ରି ଖାତା",
"Journal Entry Number Series","ଜର୍ନାଲ୍ ଏଣ୍ଟ୍ରି ନମ୍ବର ସିରିଜ୍",
"Journal Entry Print Template","ଜର୍ନାଲ୍ ଏଣ୍ଟ୍ରି ପ୍ରିଣ୍ଟ ଟେମ୍ପଲେଟ୍",
July,ଜୁଲାଇ,
June,ଜୁନ୍,
"Key Hints","ମୁଖ୍ୟ ସଙ୍କେତ",
Kg,କିଲୋଗ୍ରାମ (Kg),
Label,ଲେବଲ୍,
Language,ଭାଷା,
Lead,ଲିଡ୍ (Lead),
"Left Index","ବାମ ସୂଚକାଙ୍କ",
"Legal Expenses","ଆଇନଗତ ଖର୍ଚ୍ଚ",
"Less Filters","କମ୍ ଫିଲ୍ଟର୍",
"Less Than","ଠାରୁ କମ୍",
Liability,ଦେୟ (Liability),
Limit,ସୀମା,
Link,ଲିଙ୍କ୍,
"Link Validation Error","ଲିଙ୍କ୍ ଯାଞ୍ଚ ତ୍ରୁଟି (Link Validation Error)",
"Linked Entries","ଲିଙ୍କ୍ ହୋଇଥିବା ଏଣ୍ଟ୍ରିଗୁଡ଼ିକ",
List,ତାଲିକା (List),
"List View","ଲିଷ୍ଟ ଭ୍ୟୁ",
"Load an existing company from your computer","ଆପଣଙ୍କ କମ୍ପ୍ୟୁଟରରୁ ଏକ ବିଦ୍ୟମାନ କମ୍ପାନୀ ଲୋଡ୍ କରନ୍ତୁ",
"Loading Report...","ରିପୋର୍ଟ ଲୋଡ୍ ହେଉଛି...",
"Loading instance...","ଇନଷ୍ଟାନ୍ସ ଲୋଡ୍ ହେଉଛି...",
Loading...,"ଲୋଡ୍ ହେଉଛି...",
"Loans (Liabilities)","ଋଣ (ଦେୟ)",
"Loans and Advances (Assets)","ଋଣ ଏବଂ ଅଗ୍ରୀମ (ସମ୍ପତ୍ତି)",
Locale,ସ୍ଥାନିକ (Locale),
Location,ସ୍ଥାନ,
"Location Name","ସ୍ଥାନର ନାମ",
Logo,ଲୋଗୋ,
"Loyalty Point Entry","ଲୟାଲଟି ପଏଣ୍ଟ ଏଣ୍ଟ୍ରି",
"Loyalty Points","ଲୟାଲଟି ପଏଣ୍ଟଗୁଡ଼ିକ",
"Loyalty Points Redemption","ଲୟାଲଟି ପଏଣ୍ଟ ରିଡେମ୍ପସନ୍ (Redemption)",
"Loyalty Program","ଲୟାଲଟି ପ୍ରୋଗ୍ରାମ",
"Loyalty Program Tier","ଲୟାଲଟି ପ୍ରୋଗ୍ରାମ ସ୍ତର (Tier)",
"Make Entry","ଏଣ୍ଟ୍ରି କରନ୍ତୁ",
"Make Payment On Submit","ଦାଖଲ କରିବା ସମୟରେ ପେମେଣ୍ଟ କରନ୍ତୁ",
"Make Purchase Receipt On Submit","ଦାଖଲ କରିବା ସମୟରେ ପରଚେଜ୍ ରସିଦ ପ୍ରସ୍ତୁତ କରନ୍ତୁ",
"Make Shipment On Submit","ଦାଖଲ କରିବା ସମୟରେ ସିପମେଣ୍ଟ (Shipment) ପ୍ରସ୍ତୁତ କରନ୍ତୁ",
"Mandatory Error","ଅନିବାର୍ଯ୍ୟ ତ୍ରୁଟି",
Manufacture,ଉତ୍ପାଦନ (Manufacture),
"Manufacture Date","ଉତ୍ପାଦନ ତାରିଖ",
"Mar 23, 2022","ମାର୍ଚ୍ଚ 23, 2022",
March,ମାର୍ଚ୍ଚ,
"Mark ${0} as submitted?","${0} କୁ ସବ୍‌ମିଟ୍ (submitted) ଭାବରେ ଚିହ୍ନିତ କରିବେ କି?",
"Marketing Expenses","ମାର୍କେଟିଂ ଖର୍ଚ୍ଚ",
"Material Issue","ସାମଗ୍ରୀ ପ୍ରଦାନ (Material Issue)",
"Material Receipt","ସାମଗ୍ରୀ ପ୍ରାପ୍ତି",
"Material Transfer","ସାମଗ୍ରୀ ସ୍ଥାନାନ୍ତର",
"Max Amount","ସର୍ବାଧିକ ରାଶି",
"Max Qty (As Per Stock Unit)","ସର୍ବାଧିକ ପରିମାଣ (ଷ୍ଟକ୍ ୟୁନିଟ୍ ଅନୁଯାୟୀ)",
"Maximum Amount should be greater than the Minimum Amount.","ସର୍ବାଧିକ ରାଶି, ସର୍ବନିମ୍ନ ରାଶି ଠାରୁ ଅଧିକ ହେବା ଉଚିତ୍।",
"Maximum Amount should be lesser than Pricing Rule's Maximum Amount","ସର୍ବାଧିକ ରାଶି, ପ୍ରାଇସିଂ ରୁଲ୍‌ର ସର୍ବାଧିକ ରାଶି ଠାରୁ କମ୍ ହେବା ଉଚିତ୍",
"Maximum Quantity should be greater than the Minimum Quantity.","ସର୍ବାଧିକ ପରିମାଣ, ସର୍ବନିମ୍ନ ପରିମାଣ ଠାରୁ ଅଧିକ ହେବା ଉଚିତ୍।",
"Maximum Use","ସର୍ବାଧିକ ବ୍ୟବହାର",
May,ମଇ,
Meter,ମିଟର,
Million,ଦଶ ଲକ୍ଷ (Million),
"Min Amount","ସର୍ବନିମ୍ନ ରାଶି",
"Min Qty (As Per Stock Unit)","ସର୍ବନିମ୍ନ ପରିମାଣ (ଷ୍ଟକ୍ ୟୁନିଟ୍ ଅନୁଯାୟୀ)",
"Minimum Amount should be greather than the Pricing Rule's Minimum Amount.","ସର୍ବନିମ୍ନ ରାଶି, ପ୍ରାଇସିଂ ରୁଲ୍‌ର ସର୍ବନିମ୍ନ ରାଶି ଠାରୁ ଅଧିକ ହେବା ଉଚିତ୍।",
"Minimum Amount should be less than the Maximum Amount.","ସର୍ବନିମ୍ନ ରାଶି, ସର୍ବାଧିକ ରାଶି ଠାରୁ କମ୍ ହେବା ଉଚିତ୍।",
"Minimum Quantity should be less than the Maximum Quantity.","ସର୍ବନିମ୍ନ ପରିମାଣ, ସର୍ବାଧିକ ପରିମାଣ ଠାରୁ କମ୍ ହେବା ଉଚିତ୍।",
"Minimum Total Spent","ସର୍ବନିମ୍ନ ମୋଟ ଖର୍ଚ୍ଚ",
Misc,ଅନ୍ୟାନ୍ୟ,
Miscellaneous,ଅନ୍ୟାନ୍ୟ,
"Miscellaneous Expenses","ବିବିଧ ଖର୍ଚ୍ଚ",
Mo,ସୋମ,
Mobile,ମୋବାଇଲ୍,
Modern,ଆଧୁନିକ,
Modified,ପରିବର୍ତ୍ତିତ,
"Modified By","କାହା ଦ୍ୱାରା ପରିବର୍ତ୍ତିତ",
Monthly,ମାସିକ,
Months,ମାସଗୁଡ଼ିକ,
More,ଅଧିକ,
"More Filters","ଅଧିକ ଫିଲ୍ଟର୍",
"More shortcuts will be added soon.","ଅଧିକ ସର୍ଟକଟ୍ ଶୀଘ୍ର ଯୋଡାଯିବ।",
"Movement Type","ଗତିବିଧି ପ୍ରକାର",
Name,ନାମ,
Navigate,ନେଭିଗେଟ୍ (Navigate) କରନ୍ତୁ,
"Need ${0} Serial Numbers for Item ${1}. You have provided ${2}","ଆଇଟମ୍ ${1} ପାଇଁ ${0} ଟି ସିରିଏଲ୍ ନମ୍ବର ଆବଶ୍ୟକ। ଆପଣ ${2} ଟି ପ୍ରଦାନ କରିଛନ୍ତି",
"Net Total","ମୋଟ ରାଶି (Net Total)",
"New ${0}","ନୂତନ ${0}",
"New ${0} ${1}","ନୂତନ ${0} ${1}",
"New Account","ନୂତନ ଖାତା",
"New Company","ନୂତନ କମ୍ପାନୀ",
"New Entry","ନୂତନ ଏଣ୍ଟ୍ରି",
"New Template","ନୂତନ ଟେମ୍ପଲେଟ୍",
Nine,ନଅ,
Nineteen,ଉଣେଇଶି,
Ninety,ନବେ,
No,ନା,
"No Display Entries Found","କୌଣସି ପ୍ରଦର୍ଶନୀ ଏଣ୍ଟ୍ରି ମିଳିଲା ନାହିଁ",
"No Print Templates not found for entry type ${0}","ଏଣ୍ଟ୍ରି ପ୍ରକାର ${0} ପାଇଁ କୌଣସି ପ୍ରିଣ୍ଟ ଟେମ୍ପଲେଟ୍ ମିଳିଲା ନାହିଁ",
"No Value","କୌଣସି ମୂଲ୍ୟ ନାହିଁ",
"No Values to be Displayed","ପ୍ରଦର୍ଶନ ପାଇଁ କୌଣସି ମୂଲ୍ୟ ନାହିଁ",
"No entries found","କୌଣସି ଏଣ୍ଟ୍ରି ମିଳିଲା ନାହିଁ",
"No entries were imported.","କୌଣସି ଏଣ୍ଟ୍ରି ଆମଦାନୀ କରାଯାଇ ନାହିଁ।",
"No expenses in this period","ଏହି ଅବଧିରେ କୌଣସି ଖର୍ଚ୍ଚ ନାହିଁ",
"No filters selected","କୌଣସି ଫିଲ୍ଟର୍ ଚୟନ କରାଯାଇ ନାହିଁ",
"No linked entries found","କୌଣସି ଲିଙ୍କ୍ ହୋଇଥିବା ଏଣ୍ଟ୍ରି ମିଳିଲା ନାହିଁ",
"No results found","କୌଣସି ଫଳାଫଳ ମିଳିଲା ନାହିଁ",
"No rows added. Select a file or add rows.","କୌଣସି ଧାଡି ଯୋଡା ଯାଇନାହିଁ। ଏକ ଫାଇଲ୍ ଚୟନ କରନ୍ତୁ କିମ୍ବା ଧାଡି ଯୋଡନ୍ତୁ।",
"No transactions yet","ଏପର୍ଯ୍ୟନ୍ତ କୌଣସି କାରବାର ହୋଇନାହିଁ",
"Non Active Serial Number ${0} cannot be used as Manufacture raw material","ଅଣ-ସକ୍ରିୟ ସିରିଏଲ୍ ନମ୍ବର ${0} କୁ ଉତ୍ପାଦନ କଞ୍ଚାମାଲ ଭାବରେ ବ୍ୟବହାର କରାଯାଇପାରିବ ନାହିଁ",
"Non Active Serial Number ${0} cannot be used for Material Issue","ଅଣ-ସକ୍ରିୟ ସିରିଏଲ୍ ନମ୍ବର ${0} କୁ ସାମଗ୍ରୀ ପ୍ରଦାନ ପାଇଁ ବ୍ୟବହାର କରାଯାଇପାରିବ ନାହିଁ",
"Non Active Serial Number ${0} cannot be used for Material Transfer","ଅଣ-ସକ୍ରିୟ ସିରିଏଲ୍ ନମ୍ବର ${0} କୁ ସାମଗ୍ରୀ ସ୍ଥାନାନ୍ତର ପାଇଁ ବ୍ୟବହାର କରାଯାଇପାରିବ ନାହିଁ",
"Non Inactive Serial Number ${0} cannot be used for Material Receipt","ଅଣ-ନିଷ୍କ୍ରିୟ ସିରିଏଲ୍ ନମ୍ବର ${0} କୁ ସାମଗ୍ରୀ ପ୍ରାପ୍ତି ପାଇଁ ବ୍ୟବହାର କରାଯାଇପାରିବ ନାହିଁ",
None,"କିଛି ନାହିଁ",
"Not Found","ମିଳିଲା ନାହିଁ",
"Not Saved","ସେଭ୍ ହୋଇନାହିଁ",
"Not Submitted","ଦାଖଲ ହୋଇନାହିଁ",
"Not Transferred","ସ୍ଥାନାନ୍ତର ହୋଇନାହିଁ",
Notes,ନୋଟ୍ସ,
November,ନଭେମ୍ବର,
"Number Display","ସଂଖ୍ୟା ପ୍ରଦର୍ଶନ",
"Number Series","ସଂଖ୍ୟା ସିରିଜ୍",
"Number of ${0}","${0} ର ସଂଖ୍ୟା",
"Number of Rows","ଧାଡି ସଂଖ୍ୟା",
October,ଅକ୍ଟୋବର,
"Office Equipments","ଅଫିସ ଉପକରଣ",
"Office Maintenance Expenses","ଅଫିସ ରକ୍ଷଣାବେକ୍ଷଣ ଖର୍ଚ୍ଚ",
"Office Rent","ଅଫିସ ଭଡ଼ା",
Okay,"ଠିକ୍ ଅଛି",
"Onboarding Complete","ଅନବୋର୍ଡିଂ ସମ୍ପୂର୍ଣ୍ଣ ହୋଇଛି",
One,ଏକ,
"Only From or To can be set for Manufacture","ଉତ୍ପାଦନ ପାଇଁ କେବଳ 'From' କିମ୍ବା 'To' ସେଟ୍ କରାଯାଇପାରିବ",
Open,ଖୋଲନ୍ତୁ,
"Open Count","ଗଣନା ଦେଖାନ୍ତୁ",
"Open Documentation","ଡକ୍ୟୁମେଣ୍ଟେସନ୍ ଖୋଲନ୍ତୁ",
"Open Folder","ଫୋଲ୍ଡର ଖୋଲନ୍ତୁ",
"Open Print View","ପ୍ରିଣ୍ଟ ଭ୍ୟୁ ଖୋଲନ୍ତୁ",
"Open Print View if Print is available.","ଯଦି ପ୍ରିଣ୍ଟ ଉପଲବ୍ଧ ଅଛି, ପ୍ରିଣ୍ଟ ଭ୍ୟୁ ଖୋଲନ୍ତୁ।",
"Open Quick Search","କ୍ୱିକ୍ ସର୍ଚ୍ଚ ଖୋଲନ୍ତୁ",
"Open Report Print View","ରିପୋର୍ଟ ପ୍ରିଣ୍ଟ ଭ୍ୟୁ ଖୋଲନ୍ତୁ",
"Open Sales Invoice List","ସେଲ୍ସ ଇନଭଏସ୍ ତାଲିକା ଖୋଲନ୍ତୁ",
"Open Saved or Submitted Invoice List.","ସେଭ୍ ହୋଇଥିବା କିମ୍ବା ଦାଖଲ ହୋଇଥିବା ଇନଭଏସ୍ ତାଲିକା ଖୋଲନ୍ତୁ।",
"Open the Export Wizard modal","ରପ୍ତାନି ୱିଜାର୍ଡ ମୋଡାଲ୍ ଖୋଲନ୍ତୁ",
"Opening (Cr)","ପ୍ରାରମ୍ଭିକ (Cr)",
"Opening (Dr)","ପ୍ରାରମ୍ଭିକ (Dr)",
"Opening Amount","ପ୍ରାରମ୍ଭିକ ରାଶି",
"Opening Amounts","ପ୍ରାରମ୍ଭିକ ରାଶିଗୁଡ଼ିକ",
"Opening Balance Equity","ପ୍ରାରମ୍ଭିକ ବ୍ୟାଲାନ୍ସ ଇକ୍ୱିଟି",
"Opening Balances","ପ୍ରାରମ୍ଭିକ ବାକି (Opening Balances)",
"Opening Cash","ପ୍ରାରମ୍ଭିକ ନଗଦ",
"Opening Cash Amount can not be negative.","ପ୍ରାରମ୍ଭିକ ନଗଦ ରାଶି ଋଣାତ୍ମକ ହୋଇପାରିବ ନାହିଁ।",
"Opening Cash In Denominations","ମୂଲ୍ୟବର୍ଗ ଅନୁଯାୟୀ ପ୍ରାରମ୍ଭିକ ନଗଦ",
"Opening Date","ପ୍ରାରମ୍ଭିକ ତାରିଖ",
"Opening Entry","ପ୍ରାରମ୍ଭିକ ଏଣ୍ଟ୍ରି",
Opportunity,ସୁଯୋଗ,
Options,ବିକଳ୍ପଗୁଡ଼ିକ,
Orange,କମଳା,
Organisation,ସଂଗଠନ,
Outflow,ଆଉଟଫ୍ଲୋ (Outflow),
Outstanding,ବାକି (Outstanding),
"Outstanding Amount","ବାକି ଥିବା ରାଶି",
POS,ପିଓଏସ୍ (POS),
"POS Closing Shift","POS କ୍ଲୋଜିଂ ସିଫ୍ଟ",
"POS Counter Cash Account is not set. Please set it on POS Settings","POS କାଉଣ୍ଟର ନଗଦ ଖାତା ସେଟ୍ ହୋଇନାହିଁ। ଦୟାକରି ଏହାକୁ POS ସେଟିଂସରେ ସେଟ୍ କରନ୍ତୁ",
"POS Customer","POS ଗ୍ରାହକ",
"POS Inventory is not set. Please set it on POS Settings","POS ଇନଭେଣ୍ଟ୍ରି ସେଟ୍ ହୋଇନାହିଁ। ଦୟାକରି ଏହାକୁ POS ସେଟିଂସରେ ସେଟ୍ କରନ୍ତୁ",
"POS Opening Shift","POS ଓପନିଂ ସିଫ୍ଟ",
"POS Settings","POS ସେଟିଂସ",
"POS Shift Amount","POS ସିଫ୍ଟ ରାଶି",
"POS Write Off Account is not set. Please set it on POS Settings","POS ରାଇଟ୍-ଅଫ୍ ଖାତା ସେଟ୍ ହୋଇନାହିଁ। ଦୟାକରି ଏହାକୁ POS ସେଟିଂସରେ ସେଟ୍ କରନ୍ତୁ",
"Pad Zeros","ଶୂନ (Zero) ଦ୍ୱାରା ପୂରଣ କରନ୍ତୁ",
Page,ପୃଷ୍ଠା,
Paid,"ପୈଠ କରାଯାଇଛି",
"Paid ${0}","${0} ପୈଠ କରାଯାଇଛି",
"Paid Change","ପୈଠ କରାଯାଇଥିବା ଖୁଚୁରା (Change)",
Paisa,ପଇସା,
Parent,ପ୍ୟାରେଣ୍ଟ (Parent),
"Parent Account","ପ୍ୟାରେଣ୍ଟ ଖାତା",
Party,ପାର୍ଟି,
"Patch Run","ପ୍ୟାଚ୍ ରନ୍",
Pay,"ପୈଠ କରନ୍ତୁ",
Payable,"ଦେୟ (Payable)",
Payment,ପେମେଣ୍ଟ,
"Payment ${0} is Saved","ପେମେଣ୍ଟ ${0} ସେଭ୍ ହୋଇଛି",
"Payment For","କାହା ପାଇଁ ପେମେଣ୍ଟ",
"Payment Method","ପେମେଣ୍ଟ ପଦ୍ଧତି",
"Payment No","ପେମେଣ୍ଟ ନମ୍ବର",
"Payment Number Series","ପେମେଣ୍ଟ ନମ୍ବର ସିରିଜ୍",
"Payment Print Template","ପେମେଣ୍ଟ ପ୍ରିଣ୍ଟ ଟେମ୍ପଲେଟ୍",
"Payment Reference","ପେମେଣ୍ଟ ରେଫରେନ୍ସ",
"Payment Type","ପେମେଣ୍ଟ ପ୍ରକାର",
"Payment amount cannot be ${0}.","ପେମେଣ୍ଟ ରାଶି ${0} ହୋଇପାରିବ ନାହିଁ।",
"Payment amount cannot be less than zero.","ପେମେଣ୍ଟ ରାଶି ଶୂନରୁ କମ୍ ହୋଇପାରିବ ନାହିଁ।",
"Payment amount cannot exceed ${0}.","ପେମେଣ୍ଟ ରାଶି ${0} ରୁ ଅଧିକ ହୋଇପାରିବ ନାହିଁ।",
"Payment amount: ${0} should be greater than 0.","ପେମେଣ୍ଟ ରାଶି: ${0} ଶୂନରୁ ଅଧିକ ହେବା ଉଚିତ୍।",
"Payment amount: ${0} should be less than Outstanding amount: ${1}.","ପେମେଣ୍ଟ ରାଶି: ${0} ବାକି ଥିବା ରାଶି ${1} ଠାରୁ କମ୍ ହେବା ଉଚିତ୍।",
"Payment of ${0} will be made from account ""${1}"" to account ""${2}"" on Submit.","ଦାଖଲ (Submit) କଲେ ${0} ର ପେମେଣ୍ଟ ""${1}"" ଖାତାରୁ ""${2}"" ଖାତାକୁ କରାଯିବ।",
Payments,ପେମେଣ୍ଟଗୁଡ଼ିକ,
"Payroll Payable","ପେ-ରୋଲ୍ ଦେୟ",
"Pending Qty. ${0}","ବାକି ଥିବା ପରିମାଣ ${0}",
"Pending qty. ${0}","ବାକି ଥିବା ପରିମାଣ ${0}",
Periodicity,ଆବର୍ତ୍ତନଶୀଳତା (Periodicity),
Phone,ଫୋନ୍,
"Pick Columns","କଲମ୍ ବାଛନ୍ତୁ",
"Pick Import Columns","ଆମଦାନୀ କଲମ୍ ବାଛନ୍ତୁ",
Pink,ଗୋଲାପୀ,
Place,ସ୍ଥାନ,
"Place of supply","ଯୋଗାଣ ସ୍ଥାନ",
"Plants and Machineries","ପ୍ଲାଣ୍ଟ ଏବଂ ମେସିନାରୀ",
"Please Wait","ଦୟାକରି ଅପେକ୍ଷା କରନ୍ତୁ",
"Please check Key Hints for valid key names","ବୈଧ କି (Key) ନାମ ପାଇଁ ଦୟାକରି କି-ହିଣ୍ଟସ୍ ଯାଞ୍ଚ କରନ୍ତୁ"
"Please create a ${0} entry to view Template Preview.","ଟେମ୍ପଲେଟ୍ ପୂର୍ବାବଲୋକନ ଦେଖିବା ପାଇଁ ଦୟାକରି ଏକ ${0} ଏଣ୍ଟ୍ରି ତିଆରି କରନ୍ତୁ।",
"Please fill all values.","ଦୟାକରି ସମସ୍ତ ମୂଲ୍ୟ ପୂରଣ କରନ୍ତୁ।",
"Please restart and try again.","ଦୟାକରି ପୁନର୍ବାର ଆରମ୍ଭ କରନ୍ତୁ ଏବଂ ପୁନର୍ବାର ଚେଷ୍ଟା କରନ୍ତୁ।",
"Please select a Print Template","ଦୟାକରି ଏକ ପ୍ରିଣ୍ଟ ଟେମ୍ପଲେଟ୍ ଚୟନ କରନ୍ତୁ",
"Please select a valid reference type.","ଦୟାକରି ଏକ ବୈଧ ରେଫରେନ୍ସ ପ୍ରକାର ଚୟନ କରନ୍ତୁ।",
"Please set GSTIN in General Settings.","ଦୟାକରି ସାଧାରଣ ସେଟିଂସରେ GSTIN ସେଟ୍ କରନ୍ତୁ।",
"Please set Round Off Account in the Settings.","ଦୟାକରି ସେଟିଂସରେ ରାଉଣ୍ଡ ଅଫ୍ (Round Off) ଖାତା ସେଟ୍ କରନ୍ତୁ।",
"Please set a Display Doc","ଦୟାକରି ଏକ ଡିସପ୍ଲେ ଡକ୍ (Display Doc) ସେଟ୍ କରନ୍ତୁ",
"Point of Sale","ପଏଣ୍ଟ ଅଫ୍ ସେଲ୍ (POS)",
"Points must be greater than 0","ପଏଣ୍ଟଗୁଡ଼ିକ ୦ ରୁ ଅଧିକ ହେବା ଉଚିତ୍",
"Points must be greather than 0","ପଏଣ୍ଟଗୁଡ଼ିକ ୦ ରୁ ଅଧିକ ହେବା ଉଚିତ୍",
"Pos Ui","POS UI",
"Postal Code","ପୋଷ୍ଟାଲ୍ କୋଡ୍",
"Postal Expenses","ଡାକ ଖର୍ଚ୍ଚ",
"Posting Date","ପୋଷ୍ଟିଂ ତାରିଖ",
Prefix,ଉପସର୍ଗ (Prefix),
"Price Discount","ମୂଲ୍ୟ ରିହାତି",
"Price Discount Scheme","ମୂଲ୍ୟ ରିହାତି ଯୋଜନା",
"Price Discount Type","ମୂଲ୍ୟ ରିହାତି ପ୍ରକାର",
"Price List","ମୂଲ୍ୟ ତାଲିକା",
"Price List Item","ମୂଲ୍ୟ ତାଲିକା ଆଇଟମ୍",
"Pricing Rule","ମୂଲ୍ୟ ନିର୍ଧାରଣ ନିୟମ",
"Pricing Rule Detail","ମୂଲ୍ୟ ନିର୍ଧାରଣ ନିୟମ ବିବରଣୀ",
"Pricing Rule Item","ମୂଲ୍ୟ ନିର୍ଧାରଣ ନିୟମ ଆଇଟମ୍",
"Prime Bank","ପ୍ରାଇମ୍ ବ୍ୟାଙ୍କ",
Print,ପ୍ରିଣ୍ଟ,
"Print ${0}","ପ୍ରିଣ୍ଟ ${0}",
"Print Settings","ପ୍ରିଣ୍ଟ ସେଟିଂସ",
"Print Setup","ପ୍ରିଣ୍ଟ ସେଟଅପ୍",
"Print Template","ପ୍ରିଣ୍ଟ ଟେମ୍ପଲେଟ୍",
"Print Template Name not set","ପ୍ରିଣ୍ଟ ଟେମ୍ପଲେଟ୍ ନାମ ସେଟ୍ ହୋଇନାହିଁ",
"Print Template is empty","ପ୍ରିଣ୍ଟ ଟେମ୍ପଲେଟ୍ ଖାଲି ଅଛି",
"Print Templates","ପ୍ରିଣ୍ଟ ଟେମ୍ପଲେଟ୍‌ଗୁଡ଼ିକ",
"Print View","ପ୍ରିଣ୍ଟ ଭ୍ୟୁ",
"Print and Stationery","ପ୍ରିଣ୍ଟ ଏବଂ ଷ୍ଟେସନାରୀ",
Priority,ପ୍ରାଥମିକତା,
Product,ଉତ୍ପାଦ,
"Product Discount","ଉତ୍ପାଦ ରିହାତି",
"Product Discount Scheme","ଉତ୍ପାଦ ରିହାତି ଯୋଜନା",
"Profit And Loss","ଲାଭ ଏବଂ କ୍ଷତି",
"Profit and Loss","ଲାଭ ଏବଂ କ୍ଷତି",
Purchase,କ୍ରୟ (Purchase),
"Purchase Acc.","କ୍ରୟ ଖାତା",
"Purchase Amount","କ୍ରୟ ରାଶି",
"Purchase Invoice","ପରଚେଜ୍ ଇନଭଏସ୍",
"Purchase Invoice Item","ପରଚେଜ୍ ଇନଭଏସ୍ ଆଇଟମ୍",
"Purchase Invoice Number Series","ପରଚେଜ୍ ଇନଭଏସ୍ ନମ୍ବର ସିରିଜ୍",
"Purchase Invoice Print Template","ପରଚେଜ୍ ଇନଭଏସ୍ ପ୍ରିଣ୍ଟ ଟେମ୍ପଲେଟ୍",
"Purchase Invoice Terms","ପରଚେଜ୍ ଇନଭଏସ୍ ସର୍ତ୍ତାବଳୀ",
"Purchase Invoices","ପରଚେଜ୍ ଇନଭଏସ୍‌ଗୁଡ଼ିକ",
"Purchase Item","କ୍ରୟ ଆଇଟମ୍",
"Purchase Item Created","କ୍ରୟ ଆଇଟମ୍ ତିଆରି ହୋଇଛି",
"Purchase Items","କ୍ରୟ ଆଇଟମ୍‌ଗୁଡ଼ିକ",
"Purchase Payment","କ୍ରୟ ପେମେଣ୍ଟ",
"Purchase Payment Account","କ୍ରୟ ପେମେଣ୍ଟ ଖାତା",
"Purchase Payments","କ୍ରୟ ପେମେଣ୍ଟଗୁଡ଼ିକ",
"Purchase Receipt","ପରଚେଜ୍ ରସିଦ",
"Purchase Receipt Item","ପରଚେଜ୍ ରସିଦ ଆଇଟମ୍",
"Purchase Receipt Location","ପରଚେଜ୍ ରସିଦ ସ୍ଥାନ",
"Purchase Receipt Number Series","ପରଚେଜ୍ ରସିଦ ନମ୍ବର ସିରିଜ୍",
"Purchase Receipt Print Template","ପରଚେଜ୍ ରସିଦ ପ୍ରିଣ୍ଟ ଟେମ୍ପଲେଟ୍",
"Purchase Receipt Terms","ପରଚେଜ୍ ରସିଦ ସର୍ତ୍ତାବଳୀ",
Purchases,କ୍ରୟଗୁଡ଼ିକ,
Purple,ବାଇଗଣୀ,
Purpose,ଉଦ୍ଦେଶ୍ୟ,
"Qty in Batch","ବ୍ୟାଚ୍‌ରେ ଥିବା ପରିମାଣ",
"Qty. ${0}","ପରିମାଣ ${0}",
"Qty. in Transfer Unit","ସ୍ଥାନାନ୍ତର ୟୁନିଟ୍‌ରେ ପରିମାଣ",
Quantity,ପରିମାଣ,
"Quantity (${0}) has to be greater than zero","ପରିମାଣ (${0}) ଶୂନରୁ ଅଧିକ ହେବା ଆବଶ୍ୟକ",
"Quantity and Amount","ପରିମାଣ ଏବଂ ରାଶି",
"Quantity needs to be set","ପରିମାଣ ସେଟ୍ କରିବା ଆବଶ୍ୟକ",
Quarterly,ତ୍ରୈମାସିକ,
Quarters,ତ୍ରୈମାସିକଗୁଡ଼ିକ,
"Quick Search","କ୍ୱିକ୍ ସର୍ଚ୍ଚ",
"Quick edit error: ${0} entry has no name.","କ୍ୱିକ୍ ଏଡିଟ୍ ତ୍ରୁଟି: ${0} ଏଣ୍ଟ୍ରିର କୌଣସି ନାମ ନାହିଁ।",
Quotation,କୋଟେସନ୍,
Quote,ଉଦ୍ଧୃତି (Quote),
"Quote Reference","ଉଦ୍ଧୃତି ରେଫରେନ୍ସ",
Rate,ଦର,
"Rate (${0}) cannot be less zero.","ଦର (${0}) ଶୂନରୁ କମ୍ ହୋଇପାରିବ ନାହିଁ।",
"Rate (${0}) has to be greater than zero","ଦର (${0}) ଶୂନରୁ ଅଧିକ ହେବା ଆବଶ୍ୟକ",
"Rate can't be negative.","ଦର ଋଣାତ୍ମକ ହୋଇପାରିବ ନାହିଁ।",
"Rate needs to be set","ଦର ସେଟ୍ କରିବା ଆବଶ୍ୟକ",
"Raw Value: ${0}","କଞ୍ଚା ମୂଲ୍ୟ (Raw Value): ${0}",
Receivable,ପ୍ରାପ୍ୟ (Receivable),
Receive,"ଗ୍ରହଣ କରନ୍ତୁ",
"Recurse Every (As Per Transaction Unit)","ପ୍ରତ୍ୟେକର ପୁନରାବର୍ତ୍ତି କରନ୍ତୁ (କାରବାର ୟୁନିଟ୍ ଅନୁଯାୟୀ)",
Red,ନାଲି,
"Redeem Loyalty Points","ଲୟାଲଟି ପଏଣ୍ଟଗୁଡ଼ିକୁ ବ୍ୟବହାର କରନ୍ତୁ",
"Ref Name","ରେଫରେନ୍ସ ନାମ",
"Ref Type","ରେଫରେନ୍ସ ପ୍ରକାର",
"Ref. / Cheque No.","ରେଫରେନ୍ସ / ଚେକ୍ ନମ୍ବର",
"Ref. Date","ରେଫରେନ୍ସ ତାରିଖ",
"Ref. Name","ରେଫରେନ୍ସ ନାମ",
"Ref. Type","ରେଫରେନ୍ସ ପ୍ରକାର",
Reference,ରେଫରେନ୍ସ,
"Reference Date","ରେଫରେନ୍ସ ତାରିଖ",
"Reference Id not set.","ରେଫରେନ୍ସ ଆଇଡି ସେଟ୍ ହୋଇନାହିଁ।",
"Reference Number","ରେଫରେନ୍ସ ନମ୍ବର",
"Reference Type","ରେଫରେନ୍ସ ପ୍ରକାର",
References,ରେଫରେନ୍ସଗୁଡ଼ିକ,
"Reload Frappe Books?","Frappe Books ପୁନର୍ବାର ଲୋଡ୍ କରିବେ କି?",
Replied,ଉତ୍ତର ଦିଆଯାଇଛି,
Report,ରିପୋର୍ଟ,
"Report Error","ତ୍ରୁଟି ରିପୋର୍ଟ କରନ୍ତୁ",
"Report Issue","ସମସ୍ୟା ରିପୋର୍ଟ କରନ୍ତୁ",
"Report will use more than one page if required.","ଆବଶ୍ୟକ ହେଲେ ରିପୋର୍ଟ ଏକରୁ ଅଧିକ ପୃଷ୍ଠା ବ୍ୟବହାର କରିବ।",
Reports,ରିପୋର୍ଟଗୁଡ଼ିକ,
"Required fields not selected: ${0}","ଆବଶ୍ୟକୀୟ ଫିଲ୍ଡ ଚୟନ କରାଯାଇ ନାହିଁ: ${0}",
"Retained Earnings","ସଞ୍ଚିତ ଆୟ (Retained Earnings)",
Return,ରିଟର୍ଣ୍ଣ,
"Return Against","କାହା ବିରୁଦ୍ଧରେ ରିଟର୍ଣ୍ଣ",
"Return Issued","ରିଟର୍ଣ୍ଣ ପ୍ରଦାନ କରାଯାଇଛି",
"Reverse Chrg.","ରିଭର୍ସ ଚାର୍ଜ (Reverse Charge)",
Reverted,ପୂର୍ବବତ୍ କରାଯାଇଛି,
Reverts,ପୂର୍ବବତ୍ କରେ,
"Review Accounts","ଖାତାଗୁଡ଼ିକର ସମୀକ୍ଷା କରନ୍ତୁ",
"Review your chart of accounts, add any account or tax heads as needed","ଆପଣଙ୍କର ଚାର୍ଟ ଅଫ୍ ଆକାଉଣ୍ଟସ୍ ସମୀକ୍ଷା କରନ୍ତୁ, ଆବଶ୍ୟକ ଅନୁଯାୟୀ ଯେକୌଣସି ଖାତା କିମ୍ବା ଟିକସ ହେଡ୍ ଯୋଡନ୍ତୁ",
"Right Index","ଡାହାଣ ସୂଚକାଙ୍କ",
Role,ଭୂମିକା,
"Root Type","ମୂଳ ପ୍ରକାର (Root Type)",
Round,ରାଉଣ୍ଡ (Round),
"Round Free Item Quantity","ମାଗଣା ଆଇଟମ୍ ପରିମାଣକୁ ରାଉଣ୍ଡ କରନ୍ତୁ",
"Round Off","ରାଉଣ୍ଡ ଅଫ୍",
"Round Off Account","ରାଉଣ୍ଡ ଅଫ୍ ଖାତା",
"Round Off Account Not Found","ରାଉଣ୍ଡ ଅଫ୍ ଖାତା ମିଳିଲା ନାହିଁ",
"Rounded Off","ରାଉଣ୍ଡ ଅଫ୍ ହୋଇଛି",
"Rounding Method","ରାଉଣ୍ଡିଂ ପଦ୍ଧତି",
"Row ${0}","ଧାଡି ${0}",
Sa,ଶନି,
Salary,ଦରମା,
Sales,ବିକ୍ରୟ (Sales),
"Sales Acc.","ବିକ୍ରୟ ଖାତା",
"Sales Expenses","ବିକ୍ରୟ ଖର୍ଚ୍ଚ",
"Sales Invoice","ସେଲ୍ସ ଇନଭଏସ୍",
"Sales Invoice ${0} is Saved","ସେଲ୍ସ ଇନଭଏସ୍ ${0} ସେଭ୍ ହୋଇଛି",
"Sales Invoice ${0} is Submitted","ସେଲ୍ସ ଇନଭଏସ୍ ${0} ଦାଖଲ ହୋଇଛି",
"Sales Invoice Item","ସେଲ୍ସ ଇନଭଏସ୍ ଆଇଟମ୍",
"Sales Invoice Number Series","ସେଲ୍ସ ଇନଭଏସ୍ ନମ୍ବର ସିରିଜ୍",
"Sales Invoice Print Template","ସେଲ୍ସ ଇନଭଏସ୍ ପ୍ରିଣ୍ଟ ଟେମ୍ପଲେଟ୍",
"Sales Invoice Terms","ସେଲ୍ସ ଇନଭଏସ୍ ସର୍ତ୍ତାବଳୀ",
"Sales Invoices","ସେଲ୍ସ ଇନଭଏସ୍‌ଗୁଡ଼ିକ",
"Sales Item","ବିକ୍ରୟ ଆଇଟମ୍",
"Sales Item Created","ବିକ୍ରୟ ଆଇଟମ୍ ତିଆରି ହୋଇଛି",
"Sales Items","ବିକ୍ରୟ ଆଇଟମ୍‌ଗୁଡ଼ିକ",
"Sales Payment","ବିକ୍ରୟ ପେମେଣ୍ଟ",
"Sales Payment Account","ବିକ୍ରୟ ପେମେଣ୍ଟ ଖାତା",
"Sales Payments","ବିକ୍ରୟ ପେମେଣ୍ଟଗୁଡ଼ିକ",
"Sales Quote","ସେଲ୍ସ କୋଟ୍ (Quote)",
"Sales Quote Item","ସେଲ୍ସ କୋଟ୍ ଆଇଟମ୍",
"Sales Quote Number Series","ସେଲ୍ସ କୋଟ୍ ନମ୍ବର ସିରିଜ୍",
"Sales Quote Print Template","ସେଲ୍ସ କୋଟ୍ ପ୍ରିଣ୍ଟ ଟେମ୍ପଲେଟ୍",
"Sales Quotes","ସେଲ୍ସ କୋଟ୍‌ଗୁଡ଼ିକ",
"Sales and Purchase","ବିକ୍ରୟ ଏବଂ କ୍ରୟ",
Save,ସେଭ୍ କରନ୍ତୁ,
"Save ${0}?","${0} ସେଭ୍ କରିବେ କି?",
"Save Customizations","କଷ୍ଟମାଇଜେସନ୍ ସେଭ୍ କରନ୍ତୁ",
"Save Template","ଟେମ୍ପଲେଟ୍ ସେଭ୍ କରନ୍ତୁ",
"Save Template File","ଟେମ୍ପଲେଟ୍ ଫାଇଲ୍ ସେଭ୍ କରନ୍ତୁ",
"Save as PDF","PDF ଭାବରେ ସେଭ୍ କରନ୍ତୁ",
"Save as PDF Successful","PDF ଭାବରେ ସେଭ୍ ସଫଳ ହୋଇଛି",
"Save changes made to ${0}?","${0} ରେ କରାଯାଇଥିବା ପରିବର୍ତ୍ତନଗୁଡ଼ିକୁ ସେଭ୍ କରିବେ କି?",
"Save or Submit an entry.","ଏକ ଏଣ୍ଟ୍ରି ସେଭ୍ କରନ୍ତୁ କିମ୍ବା ସବ୍‌ମିଟ୍ କରନ୍ତୁ।",
Saved,"ସେଭ୍ ହୋଇଛି",
"Saved Invoices","ସେଭ୍ ହୋଇଥିବା ଇନଭଏସ୍‌ଗୁଡ଼ିକ",
"Search an Item","ଏକ ଆଇଟମ୍ ଖୋଜନ୍ତୁ",
"Secured Loans","ସୁରକ୍ଷିତ ଋଣ",
"Securities and Deposits","ସିକ୍ୟୁରିଟି ଏବଂ ଡିପୋଜିଟ୍",
Select,ଚୟନ କରନ୍ତୁ,
"Select CoA","CoA ଚୟନ କରନ୍ତୁ",
"Select Color","ରଙ୍ଗ ଚୟନ କରନ୍ତୁ",
"Select Country","ଦେଶ ଚୟନ କରନ୍ତୁ",
"Select File","ଫାଇଲ୍ ଚୟନ କରନ୍ତୁ",
"Select Image","ଛବି ଚୟନ କରନ୍ତୁ",
"Select Template File","ଟେମ୍ପଲେଟ୍ ଫାଇଲ୍ ଚୟନ କରନ୍ତୁ",
"Select a Display Doc to view the Template","ଟେମ୍ପଲେଟ୍ ଦେଖିବା ପାଇଁ ଏକ ଡିସପ୍ଲେ ଡକ୍ ଚୟନ କରନ୍ତୁ",
"Select a Template type","ଏକ ଟେମ୍ପଲେଟ୍ ପ୍ରକାର ଚୟନ କରନ୍ତୁ",
"Select a form type to customize","କଷ୍ଟମାଇଜ୍ କରିବା ପାଇଁ ଏକ ଫର୍ମ ପ୍ରକାର ଚୟନ କରନ୍ତୁ",
"Select a pre-defined page size, or set a custom page size for your Print Template.","ଏକ ପୂର୍ବ-ନିର୍ଦ୍ଧାରିତ ପୃଷ୍ଠା ଆକାର ଚୟନ କରନ୍ତୁ, କିମ୍ବା ଆପଣଙ୍କ ପ୍ରିଣ୍ଟ ଟେମ୍ପଲେଟ୍ ପାଇଁ ଏକ କଷ୍ଟମ୍ ପୃଷ୍ଠା ଆକାର ସେଟ୍ କରନ୍ତୁ।",
"Select column","କଲମ୍ ଚୟନ କରନ୍ତୁ",
"Select file","ଫାଇଲ୍ ଚୟନ କରନ୍ତୁ",
"Select folder","ଫୋଲ୍ଡର ଚୟନ କରନ୍ତୁ",
"Select the template type.","ଟେମ୍ପଲେଟ୍ ପ୍ରକାର ଚୟନ କରନ୍ତୁ।",
Selected,ଚୟନ କରାଯାଇଛି,
September,ସେପ୍ଟେମ୍ବର,
"Serial Number","ସିରିଏଲ୍ ନମ୍ବର",
"Serial Number ${0} does not belong to the item ${1}.","ସିରିଏଲ୍ ନମ୍ବର ${0}, ଆଇଟମ୍ ${1} ର ନୁହେଁ।",
"Serial Number ${0} does not exist.","ସିରିଏଲ୍ ନମ୍ବର ${0} ଅସ୍ତିତ୍ୱରେ ନାହିଁ।",
"Serial Number ${0} is not Active.","ସିରିଏଲ୍ ନମ୍ବର ${0} ସକ୍ରିୟ ନାହିଁ।"
"Serial Number ${0} is not Inactive","ସିରିଏଲ୍ ନମ୍ବର ${0} ନିଷ୍କ୍ରିୟ ନୁହେଁ",
"Serial Number ${0} status is not Active.","ସିରିଏଲ୍ ନମ୍ବର ${0} ସ୍ଥିତି ସକ୍ରିୟ ନାହିଁ।",
"Serial Number Description","ସିରିଏଲ୍ ନମ୍ବର ବିବରଣୀ",
"Serial Number is enabled for Item ${0}","ଆଇଟମ୍ ${0} ପାଇଁ ସିରିଏଲ୍ ନମ୍ବର ସକ୍ଷମ ଅଛି",
"Serial Number is not enabled for Item ${0}","ଆଇଟମ୍ ${0} ପାଇଁ ସିରିଏଲ୍ ନମ୍ବର ସକ୍ଷମ ନାହିଁ",
"Serial Number not set for row ${0}.","ଧାଡି ${0} ପାଇଁ ସିରିଏଲ୍ ନମ୍ବର ସେଟ୍ ହୋଇନାହିଁ।",
"Serial Number set for row ${0}.","ଧାଡି ${0} ପାଇଁ ସିରିଏଲ୍ ନମ୍ବର ସେଟ୍ ହୋଇଛି।",
Service,ସେବା,
"Set Coupon Code","କୁପନ କୋଡ୍ ସେଟ୍ କରନ୍ତୁ",
"Set Discount Amount","ରିହାତି ରାଶି ସେଟ୍ କରନ୍ତୁ",
"Set Loyalty Program","ଲୟାଲଟି ପ୍ରୋଗ୍ରାମ ସେଟ୍ କରନ୍ତୁ",
"Set Period","ଅବଧି ସେଟ୍ କରନ୍ତୁ",
"Set Price List","ମୂଲ୍ୟ ତାଲିକା ସେଟ୍ କରନ୍ତୁ",
"Set Print Size","ପ୍ରିଣ୍ଟ ଆକାର ସେଟ୍ କରନ୍ତୁ",
"Set Template Type","ଟେମ୍ପଲେଟ୍ ପ୍ରକାର ସେଟ୍ କରନ୍ତୁ",
"Set Up","ସେଟଅପ୍ କରନ୍ତୁ",
"Set Up Your Workspace","ଆପଣଙ୍କର ୱାର୍କସ୍ପେସ୍ ସେଟଅପ୍ କରନ୍ତୁ",
"Set a Template value to see the Print Template","ପ୍ରିଣ୍ଟ ଟେମ୍ପଲେଟ୍ ଦେଖିବା ପାଇଁ ଏକ ଟେମ୍ପଲେଟ୍ ମୂଲ୍ୟ ସେଟ୍ କରନ୍ତୁ",
"Set an Import Type","ଏକ ଆମଦାନୀ ପ୍ରକାର ସେଟ୍ କରନ୍ତୁ",
"Set the display language.","ପ୍ରଦର୍ଶନ ଭାଷା ସେଟ୍ କରନ୍ତୁ।",
"Set the local code. This is used for number formatting.","ଲୋକାଲ୍ କୋଡ୍ ସେଟ୍ କରନ୍ତୁ। ଏହା ସଂଖ୍ୟା ଫର୍ମାଟିଂ ପାଇଁ ବ୍ୟବହୃତ ହୁଏ।",
"Set up your company information, email, country and fiscal year","ଆପଣଙ୍କ କମ୍ପାନୀ ସୂଚନା, ଇମେଲ୍, ଦେଶ ଏବଂ ଆର୍ଥିକ ବର୍ଷ ସେଟଅପ୍ କରନ୍ତୁ",
"Set up your opening balances before performing any accounting entries","ଯେକୌଣସି ଆକାଉଣ୍ଟିଂ ଏଣ୍ଟ୍ରି କରିବା ପୂର୍ବରୁ ଆପଣଙ୍କର ପ୍ରାରମ୍ଭିକ ବାକି (Opening Balance) ସେଟଅପ୍ କରନ୍ତୁ",
"Set up your organization","ଆପଣଙ୍କ ସଂଗଠନ ସେଟଅପ୍ କରନ୍ତୁ",
"Set up your tax templates for your sales or purchase transactions","ଆପଣଙ୍କର ବିକ୍ରୟ କିମ୍ବା କ୍ରୟ କାରବାର ପାଇଁ ଟିକସ ଟେମ୍ପଲେଟ୍ ସେଟଅପ୍ କରନ୍ତୁ",
"Sets how many digits are shown after the decimal point.","ଦଶମିକ ବିନ୍ଦୁ ପରେ କେତୋଟି ଅଙ୍କ ପ୍ରଦର୍ଶନ କରାଯିବ ତାହା ସେଟ୍ କରେ।",
"Sets the app-wide date display format.","ଆପ୍-ୱାଇଡ୍ ତାରିଖ ପ୍ରଦର୍ଶନ ଫର୍ମାଟ୍ ସେଟ୍ କରେ।",
"Sets the internal precision used for monetary calculations. Above 6 should be sufficient for most currencies.","ଆର୍ଥିକ ଗଣନା ପାଇଁ ବ୍ୟବହୃତ ଆଭ୍ୟନ୍ତରୀଣ ସଠିକତା ସେଟ୍ କରେ। ଅଧିକାଂଶ ମୁଦ୍ରା ପାଇଁ ୬ ରୁ ଅଧିକ ପର୍ଯ୍ୟାପ୍ତ ହେବ।",
"Sets the theme of the app.","ଆପ୍‌ର ଥିମ୍ (Theme) ସେଟ୍ କରେ।",
"Setting Up Instance","ଇନଷ୍ଟାନ୍ସ ସେଟଅପ୍ କରୁଛି",
Settings,ସେଟିଂସ,
Setup,ସେଟଅପ୍,
"Setup Complete","ସେଟଅପ୍ ସମ୍ପୂର୍ଣ୍ଣ ହୋଇଛି",
"Setup Wizard","ସେଟଅପ୍ ୱିଜାର୍ଡ",
"Setup system defaults like date format and display precision","ତାରିଖ ଫର୍ମାଟ୍ ଏବଂ ପ୍ରଦର୍ଶନ ସଠିକତା ପରି ସିଷ୍ଟମ୍ ଡିଫଲ୍ଟଗୁଡିକ ସେଟଅପ୍ କରନ୍ତୁ",
Seven,ସାତ,
Seventeen,ସତର,
Seventy,ସତୁରୀ,
Shipment,ସିପମେଣ୍ଟ (Shipment),
"Shipment ${0} is Submitted","ସିପମେଣ୍ଟ ${0} ଦାଖଲ ହୋଇଛି",
"Shipment Item","ସିପମେଣ୍ଟ ଆଇଟମ୍",
"Shipment Location","ସିପମେଣ୍ଟ ସ୍ଥାନ",
"Shipment Number Series","ସିପମେଣ୍ଟ ନମ୍ବର ସିରିଜ୍",
"Shipment Print Template","ସିପମେଣ୍ଟ ପ୍ରିଣ୍ଟ ଟେମ୍ପଲେଟ୍",
"Shipment Terms","ସିପମେଣ୍ଟ ସର୍ତ୍ତାବଳୀ",
Shortcuts,ସର୍ଟକଟ୍,
"Should entries be submitted after syncing?","ସିଙ୍କ୍ କରିବା ପରେ ଏଣ୍ଟ୍ରିଗୁଡିକ ଦାଖଲ କରାଯିବ କି?",
"Show HSN","HSN ଦେଖାନ୍ତୁ",
"Show Me","ମୋତେ ଦେଖାନ୍ତୁ",
"Show Month/Year","ମାସ/ବର୍ଷ ଦେଖାନ୍ତୁ",
"Single Value","ଏକକ ମୂଲ୍ୟ",
Six,ଛଅ,
Sixteen,ଷୋହଳ,
Sixty,ଷାଠିଏ,
"Skip Child Tables","ଚାଇଲ୍ଡ ଟେବୁଲ୍ ବାଦ୍ ଦିଅନ୍ତୁ",
"Skip Transactions","କାରବାର ବାଦ୍ ଦିଅନ୍ତୁ",
"Smallest Currency Fraction Value","ମୁଦ୍ରାର କ୍ଷୁଦ୍ରତମ ଭଗ୍ନାଂଶ ମୂଲ୍ୟ",
Softwares,ସଫ୍ଟୱେର୍,
"Something has gone terribly wrong. Please check the console and raise an issue.","କିଛି ଭୟଙ୍କର ଭୁଲ୍ ହୋଇଯାଇଛି। ଦୟାକରି କନସୋଲ୍ ଯାଞ୍ଚ କରନ୍ତୁ ଏବଂ ଏକ ସମସ୍ୟା (Issue) ରିପୋର୍ଟ କରନ୍ତୁ।",
"Source of Funds (Liabilities)","ପାଣ୍ଠିର ଉତ୍ସ (ଦେୟ)",
"Standard Chart of Accounts","ମାନକ ଚାର୍ଟ ଅଫ୍ ଆକାଉଣ୍ଟସ୍",
Start,ଆରମ୍ଭ କରନ୍ତୁ,
"Start From Row Index","ଧାଡି ସୂଚକାଙ୍କରୁ ଆରମ୍ଭ କରନ୍ତୁ",
State,ରାଜ୍ୟ,
"State Tax","ରାଜ୍ୟ ଟିକସ",
Status,ସ୍ଥିତି,
Stock,ଷ୍ଟକ୍,
"Stock Adjustment","ଷ୍ଟକ୍ ଆଡଜଷ୍ଟମେଣ୍ଟ",
"Stock Assets","ଷ୍ଟକ୍ ସମ୍ପତ୍ତି",
"Stock Balance","ଷ୍ଟକ୍ ବାକି",
"Stock Entries","ଷ୍ଟକ୍ ଏଣ୍ଟ୍ରିଗୁଡିକ",
"Stock Expenses","ଷ୍ଟକ୍ ଖର୍ଚ୍ଚ",
"Stock In Hand","ହାତରେ ଥିବା ଷ୍ଟକ୍",
"Stock In Hand Acc.","ଷ୍ଟକ୍-ଇନ୍-ହ୍ୟାଣ୍ଡ୍ ଖାତା",
"Stock Ledger","ଷ୍ଟକ୍ ଲେଜର",
"Stock Ledger Entry","ଷ୍ଟକ୍ ଲେଜର ଏଣ୍ଟ୍ରି",
"Stock Liabilities","ଷ୍ଟକ୍ ଦେୟ",
"Stock Movement","ଷ୍ଟକ୍ ଗତିବିଧି",
"Stock Movement Item","ଷ୍ଟକ୍ ଗତିବିଧି ଆଇଟମ୍",
"Stock Movement No.","ଷ୍ଟକ୍ ଗତିବିଧି ନମ୍ବର",
"Stock Movement Number Series","ଷ୍ଟକ୍ ଗତିବିଧି ନମ୍ବର ସିରିଜ୍",
"Stock Movement Print Template","ଷ୍ଟକ୍ ଗତିବିଧି ପ୍ରିଣ୍ଟ ଟେମ୍ପଲେଟ୍",
"Stock Movements","ଷ୍ଟକ୍ ଗତିବିଧିଗୁଡିକ",
"Stock Not Received","ଷ୍ଟକ୍ ପ୍ରାପ୍ତ ହୋଇନାହିଁ",
"Stock Not Shipped","ଷ୍ଟକ୍ ସିପ୍ ହୋଇନାହିଁ",
"Stock Not Transferred","ଷ୍ଟକ୍ ସ୍ଥାନାନ୍ତର ହୋଇନାହିଁ",
"Stock Received But Not Billed","ଷ୍ଟକ୍ ମିଳିଛି କିନ୍ତୁ ବିଲ୍ ହୋଇନାହିଁ",
"Stock Received But Not Billed Acc.","ଷ୍ଟକ୍ ପ୍ରାପ୍ତ କିନ୍ତୁ ବିଲ୍ ହୋଇନଥିବା ଖାତା",
"Stock Transfer Item","ଷ୍ଟକ୍ ସ୍ଥାନାନ୍ତର ଆଇଟମ୍",
"Stock Unit","ଷ୍ଟକ୍ ୟୁନିଟ୍",
StockTransfer,ଷ୍ଟକ୍ ସ୍ଥାନାନ୍ତର,
Stores,ଷ୍ଟୋର୍‌ସ,
Su,ରବି,
Submit,ସବ୍‌ମିଟ୍ କରନ୍ତୁ,
"Submit ${0}?","${0} ସବ୍‌ମିଟ୍ କରିବେ କି?",
"Submit & Print","ସବ୍‌ମିଟ୍ ଏବଂ ପ୍ରିଣ୍ଟ କରନ୍ତୁ",
"Submit entries?","ଏଣ୍ଟ୍ରିଗୁଡିକ ସବ୍‌ମିଟ୍ କରିବେ କି?",
Submitted,"ସବ୍‌ମିଟ୍ ହୋଇଛି",
Success,ସଫଳତା,
Supplier,ଯୋଗାଣକାରୀ (Supplier),
"Supplier Created","ଯୋଗାଣକାରୀ ତିଆରି ହୋଇଛି",
Suppliers,ଯୋଗାଣକାରୀମାନେ,
Symbol,ପ୍ରତୀକ,
System,ପ୍ରଣାଳୀ,
"System Settings","ସିଷ୍ଟମ୍ ସେଟିଂସ",
"System Setup","ସିଷ୍ଟମ୍ ସେଟଅପ୍",
Table,ସାରଣୀ (Table),
Target,ଲକ୍ଷ୍ୟ,
Tax,ଟିକସ,
"Tax Account","ଟିକସ ଖାତା",
"Tax Amount","ଟିକସ ରାଶି",
"Tax Assets","ଟିକସ ସମ୍ପତ୍ତି",
"Tax Detail","ଟିକସ ବିବରଣୀ",
"Tax ID","ଟିକସ ଆଇଡି",
"Tax Invoice Account","ଟିକସ ଇନଭଏସ୍ ଖାତା",
"Tax Payment Account","ଟିକସ ପୈଠ ଖାତା",
"Tax Rate","ଟିକସ ହାର",
"Tax Summary","ଟିକସ ସାରାଂଶ",
"Tax Template","ଟିକସ ଟେମ୍ପଲେଟ୍",
"Tax Templates","ଟିକସ ଟେମ୍ପଲେଟ୍‌ଗୁଡ଼ିକ",
"Tax and Totals","ଟିକସ ଏବଂ ସର୍ବମୋଟ",
"Taxable Value","କରଯୋଗ୍ୟ ମୂଲ୍ୟ",
"Taxed Amount","ଟିକସ ରାଶି",
Taxes,ଟିକସଗୁଡ଼ିକ,
"Taxes and Charges","ଟିକସ ଏବଂ ଶୁଳ୍କ",
Teal,"ଟିଲ୍ ରଙ୍ଗ (Teal)",
"Telephone Expenses","ଟେଲିଫୋନ୍ ଖର୍ଚ୍ଚ",
Template,ଟେମ୍ପଲେଟ୍,
"Template Builder","ଟେମ୍ପଲେଟ୍ ବିଲ୍ଡର୍",
"Template Compilation Error","ଟେମ୍ପଲେଟ୍ ସଂକଳନ ତ୍ରୁଟି",
"Template Name","ଟେମ୍ପଲେଟ୍ ନାମ",
"Template Type","ଟେମ୍ପଲେଟ୍ ପ୍ରକାର",
"Template file saved","ଟେମ୍ପଲେଟ୍ ଫାଇଲ୍ ସେଭ୍ ହୋଇଛି",
Temporary,ଅସ୍ଥାୟୀ,
"Temporary Accounts","ଅସ୍ଥାୟୀ ଖାତାଗୁଡ଼ିକ",
"Temporary Opening","ଅସ୍ଥାୟୀ ଓପନିଂ",
Ten,ଦଶ,
Terms,ସର୍ତ୍ତାବଳୀ,
Text,ପାଠ୍ୟ (Text),
Th,ଗୁରୁ,
"The Grand Total must be less than ${0} to apply this coupon.","ଏହି କୁପନ ପ୍ରୟୋଗ କରିବା ପାଇଁ ସର୍ବମୋଟ ରାଶି ${0} ରୁ କମ୍ ହେବା ଆବଶ୍ୟକ।",
"The Grand Total must exceed ${0} to apply the coupon ${1}.","କୁପନ ${1} ପ୍ରୟୋଗ କରିବା ପାଇଁ ସର୍ବମୋଟ ରାଶି ${0} ରୁ ଅଧିକ ହେବା ଆବଶ୍ୟକ।",
"The following characters cannot be used ${0} in a Number Series name.","ଏକ ସଂଖ୍ୟା ସିରିଜ୍ ନାମରେ ନିମ୍ନଲିଖିତ ଅକ୍ଷରଗୁଡ଼ିକ ${0} ବ୍ୟବହାର କରାଯାଇପାରିବ ନାହିଁ।",
"The following items have insufficient quantity for Shipment: ${0}","ନିମ୍ନଲିଖିତ ଆଇଟମ୍‌ଗୁଡ଼ିକରେ ସିପମେଣ୍ଟ ପାଇଁ ଅପର୍ଯ୍ୟାପ୍ତ ପରିମାଣ ଅଛି: ${0}",
Theme,ଥିମ୍ (Theme),
Thirteen,ତେର,
Thirty,ତିରିଶି,
"This Month","ଏହି ମାସ",
"This Quarter","ଏହି ତ୍ରୈମାସିକ",
"This Year","ଏହି ବର୍ଷ",
"This action is permanent","ଏହି କାର୍ଯ୍ୟ ସ୍ଥାୟୀ ଅଟେ",
"This action is permanent and will cancel the following payment: ${0}","ଏହି କାର୍ଯ୍ୟ ସ୍ଥାୟୀ ଏବଂ ଏହା ନିମ୍ନଲିଖିତ ପେମେଣ୍ଟକୁ ବାତିଲ୍ କରିବ: ${0}",
"This action is permanent and will cancel the following payments: ${0}","ଏହି କାର୍ଯ୍ୟ ସ୍ଥାୟୀ ଏବଂ ଏହା ନିମ୍ନଲିଖିତ ପେମେଣ୍ଟଗୁଡ଼ିକୁ ବାତିଲ୍ କରିବ: ${0}",
"This action is permanent and will delete associated ledger entries.","ଏହି କାର୍ଯ୍ୟ ସ୍ଥାୟୀ ଏବଂ ଏହା ସମ୍ବନ୍ଧିତ ଲେଜର ଏଣ୍ଟ୍ରିଗୁଡ଼ିକୁ ଡିଲିଟ୍ କରିଦେବ।",
"This action is permanent.","ଏହି କାର୍ଯ୍ୟ ସ୍ଥାୟୀ ଅଟେ।",
Thousand,ହଜାର,
Three,ତିନି,
"Tier Name","ସ୍ତରର ନାମ (Tier Name)",
"Times New Roman","ଟାଇମ୍ସ ନିଉ ରୋମାନ (Times New Roman)",
Title,ଶୀର୍ଷକ,
To,ପର୍ଯ୍ୟନ୍ତ,
"To Account","ଖାତାକୁ",
"To Account and From Account can't be the same: ${0}","'To Account' ଏବଂ 'From Account' ସମାନ ହୋଇପାରିବ ନାହିଁ: ${0}",
"To Date","ତାରିଖ ପର୍ଯ୍ୟନ୍ତ",
"To Loc.","ସ୍ଥାନକୁ",
"To Year","ବର୍ଷ ପର୍ଯ୍ୟନ୍ତ",
"Toggle Edit Mode","ଏଡିଟ୍ ମୋଡ୍ ଟଗଲ୍ (Toggle) କରନ୍ତୁ",
"Toggle Key Hints","କି-ହିଣ୍ଟସ୍ ଟଗଲ୍ କରନ୍ତୁ",
"Toggle Linked Entries widget, not available in Quick Edit view.","ଲିଙ୍କ୍ ହୋଇଥିବା ଏଣ୍ଟ୍ରି ୱିଜେଟ୍ ଟଗଲ୍ କରନ୍ତୁ, ଏହା କ୍ୱିକ୍ ଏଡିଟ୍ ଭ୍ୟୁରେ ଉପଲବ୍ଧ ନାହିଁ।",
"Toggle between Grid and List view","ଗ୍ରୀଡ୍ ଏବଂ ଲିଷ୍ଟ ଭ୍ୟୁ ମଧ୍ୟରେ ଅଦଳବଦଳ କରନ୍ତୁ",
"Toggle between form and full width","ଫର୍ମ ଏବଂ ଫୁଲ୍ ୱିଡ୍‌ଥ ମଧ୍ୟରେ ଅଦଳବଦଳ କରନ୍ତୁ",
"Toggle sidebar","ସାଇଡ୍‌ବାର୍ ଟଗଲ୍ କରନ୍ତୁ",
"Toggle the Create filter","କ୍ରିଏଟ୍ ଫିଲ୍ଟର୍ ଟଗଲ୍ କରନ୍ତୁ",
"Toggle the Docs filter","ଡକ୍ସ ଫିଲ୍ଟର୍ ଟଗଲ୍ କରନ୍ତୁ",
"Toggle the List filter","ଲିଷ୍ଟ ଫିଲ୍ଟର୍ ଟଗଲ୍ କରନ୍ତୁ",
"Toggle the Page filter","ପେଜ୍ ଫିଲ୍ଟର୍ ଟଗଲ୍ କରନ୍ତୁ",
"Toggle the Report filter","ରିପୋର୍ଟ ଫିଲ୍ଟର୍ ଟଗଲ୍ କରନ୍ତୁ",
"Top Expenses","ଶୀର୍ଷ ଖର୍ଚ୍ଚ",
Total,ମୋଟ,
"Total Amount","ମୋଟ ରାଶି",
"Total Asset (Debit)","ମୋଟ ସମ୍ପତ୍ତି (ଡେବିଟ୍)",
"Total Debit: ${0} must be equal to Total Credit: ${1}","ମୋଟ ଡେବିଟ୍: ${0} ମୋଟ କ୍ରେଡିଟ୍ ${1} ସହିତ ସମାନ ହେବା ଉଚିତ୍",
"Total Discount","ମୋଟ ରିହାତି",
"Total Equity (Credit)","ମୋଟ ଇକ୍ୱିଟି (କ୍ରେଡିଟ୍)",
"Total Expense (Debit)","ମୋଟ ଖର୍ଚ୍ଚ (ଡେବିଟ୍)",
"Total Income (Credit)","ମୋଟ ଆୟ (କ୍ରେଡିଟ୍)",
"Total Liability (Credit)","ମୋଟ ଦେୟ (କ୍ରେଡିଟ୍)",
"Total Profit","ମୋଟ ଲାଭ",
"Total Quantity","ମୋଟ ପରିମାଣ",
"Total Spending","ମୋଟ ଖର୍ଚ୍ଚ",
"Track Inventory","ଇନଭେଣ୍ଟ୍ରି ଟ୍ରାକ୍ କରନ୍ତୁ",
Transfer,ସ୍ଥାନାନ୍ତର (Transfer),
"Transfer No","ସ୍ଥାନାନ୍ତର ନମ୍ବର",
"Transfer Type","ସ୍ଥାନାନ୍ତର ପ୍ରକାର",
"Transfer Unit","ସ୍ଥାନାନ୍ତର ୟୁନିଟ୍",
"Transfer Unit ${0} is not applicable for Item ${1}","ସ୍ଥାନାନ୍ତର ୟୁନିଟ୍ ${0}, ଆଇଟମ୍ ${1} ପାଇଁ ପ୍ରଯୁଜ୍ୟ ନୁହେଁ",
"Transfer will cause future entries to have negative stock.","ଏହି ସ୍ଥାନାନ୍ତର ଦ୍ୱାରା ଭବିଷ୍ୟତର ଏଣ୍ଟ୍ରିଗୁଡିକରେ ଷ୍ଟକ୍ ଋଣାତ୍ମକ (negative) ହୋଇପାରେ।",
"Travel Expenses","ଯାତ୍ରା ଖର୍ଚ୍ଚ",
"Trial Balance","ଟ୍ରାୟଲ୍ ବ୍ୟାଲାନ୍ସ",
Tu,ମଙ୍ଗଳ,
Twelve,ବାର,
Twenty,କୋଡ଼ିଏ,
Two,ଦୁଇ,
Type,ପ୍ରକାର,
"Type to search...","ଖୋଜିବା ପାଇଁ ଟାଇପ୍ କରନ୍ତୁ...",
UOM,UOM,
"UOM Conversion Item","UOM ରୂପାନ୍ତର ଆଇଟମ୍",
"UOM Conversions","UOM ରୂପାନ୍ତରଗୁଡ଼ିକ",
Unit,ୟୁନିଟ୍,
"Unit Type","ୟୁନିଟ୍ ପ୍ରକାର",
Unpaid,"ବାକି ଅଛି (Unpaid)",
"Unpaid ${0}","ବାକି ଅଛି ${0}",
"Unsecured Loans","ଅସୁରକ୍ଷିତ ଋଣ",
"Until Date","ତାରିଖ ପର୍ଯ୍ୟନ୍ତ",
"Use Full Width","ଫୁଲ୍ ୱିଡ୍‌ଥ (Full Width) ବ୍ୟବହାର କରନ୍ତୁ",
"Use List Filters","ଲିଷ୍ଟ ଫିଲ୍ଟର୍ ବ୍ୟବହାର କରନ୍ତୁ",
Used,ବ୍ୟବହୃତ,
"User Remark","ଉପଭୋକ୍ତା ମନ୍ତବ୍ୟ",
"Utility Expenses","ଉପଯୋଗିତା ଖର୍ଚ୍ଚ (Utility Expenses)",
"Valid From","ଠାରୁ ବୈଧ",
"Valid From Date should be greather than Pricing Rule's Valid From Date.","ବୈଧ ଆରମ୍ଭ ତାରିଖ, ପ୍ରାଇସିଂ ରୁଲ୍‌ର ବୈଧ ଆରମ୍ଭ ତାରିଖ ଠାରୁ ଅଧିକ ହେବା ଉଚିତ୍।",
"Valid From Date should be less than Valid To Date.","ବୈଧ ଆରମ୍ଭ ତାରିଖ, ବୈଧ ସମାପ୍ତି ତାରିଖ ଠାରୁ କମ୍ ହେବା ଉଚିତ୍।",
"Valid To","ପର୍ଯ୍ୟନ୍ତ ବୈଧ",
"Valid To Date should be greater than Valid From Date.","ବୈଧ ସମାପ୍ତି ତାରିଖ, ବୈଧ ଆରମ୍ଭ ତାରିଖ ଠାରୁ ଅଧିକ ହେବା ଉଚିତ୍।",
"Valid To Date should be lesser than Pricing Rule's Valid To Date.","ବୈଧ ସମାପ୍ତି ତାରିଖ, ପ୍ରାଇସିଂ ରୁଲ୍‌ର ବୈଧ ସମାପ୍ତି ତାରିଖ ଠାରୁ କମ୍ ହେବା ଉଚିତ୍।",
"Validation Error","ଯାଞ୍ଚ ତ୍ରୁଟି (Validation Error)",
Validity,ବୈଧତା,
"Validity and Usage","ବୈଧତା ଏବଂ ବ୍ୟବହାର",
Value,ମୂଲ୍ୟ,
"Value missing for ${0}","${0} ପାଇଁ ମୂଲ୍ୟ ମିଳୁନାହିଁ",
"Value: ${0}","ମୂଲ୍ୟ: ${0}",
Version,ସଂସ୍କରଣ,
View,ଦେଖନ୍ତୁ,
"View Accounting Entries","ଆକାଉଣ୍ଟିଂ ଏଣ୍ଟ୍ରିଗୁଡ଼ିକ ଦେଖନ୍ତୁ",
"View Paid Invoices","ପୈଠ ହୋଇଥିବା ଇନଭଏସ୍‌ଗୁଡ଼ିକ ଦେଖନ୍ତୁ",
"View Purchases","କ୍ରୟଗୁଡ଼ିକ ଦେଖନ୍ତୁ",
"View Sales","ବିକ୍ରୟ ଦେଖନ୍ତୁ",
"View Stock Entries","ଷ୍ଟକ୍ ଏଣ୍ଟ୍ରିଗୁଡ଼ିକ ଦେଖନ୍ତୁ",
"View Unpaid Invoices","ବାକି ଥିବା ଇନଭଏସ୍‌ଗୁଡ଼ିକ ଦେଖନ୍ତୁ",
"View linked entries","ଲିଙ୍କ୍ ହୋଇଥିବା ଏଣ୍ଟ୍ରିଗୁଡ଼ିକ ଦେଖନ୍ତୁ",
We,ବୁଧ,
"Welcome to Frappe Books","Frappe Books କୁ ସ୍ୱାଗତ",
"Width (in cm)","ଓସାର (ସେମିରେ)",
"Write Off","ରାଇଟ୍-ଅଫ୍ (Write Off)",
"Write Off Account","ରାଇଟ୍-ଅଫ୍ ଖାତା",
"Write Off Account ${0} does not exist. Please set Write Off Account in General Settings","ରାଇଟ୍-ଅଫ୍ ଖାତା ${0} ଅସ୍ତିତ୍ୱରେ ନାହିଁ। ଦୟାକରି ସାଧାରଣ ସେଟିଂସରେ ରାଇଟ୍-ଅଫ୍ ଖାତା ସେଟ୍ କରନ୍ତୁ",
"Write Off Account not set. Please set Write Off Account in General Settings","ରାଇଟ୍-ଅଫ୍ ଖାତା ସେଟ୍ ହୋଇନାହିଁ। ଦୟାକରି ସାଧାରଣ ସେଟିଂସରେ ରାଇଟ୍-ଅଫ୍ ଖାତା ସେଟ୍ କରନ୍ତୁ",
"Write Off Entry","ରାଇଟ୍-ଅଫ୍ ଏଣ୍ଟ୍ରି",
"Year to Date","ବର୍ଷ ଆରମ୍ଭରୁ ଆଜି ପର୍ଯ୍ୟନ୍ତ",
Yearly,ବାର୍ଷିକ,
Years,ବର୍ଷଗୁଡ଼ିକ,
Yellow,ହଳଦିଆ,
Yes,ହଁ,
Zero,ଶୂନ,
and,ଏବଂ,
"check values and click on","ମୂଲ୍ୟଗୁଡ଼ିକ ଯାଞ୍ଚ କରନ୍ତୁ ଏବଂ କ୍ଲିକ୍ କରନ୍ତୁ",
held,ଅନୁଷ୍ଠିତ,
"in Batch ${0}","ବ୍ୟାଚ୍ ${0} ରେ",
john@doe.com,john@doe.com,
"no need ${0} points to purchase this item","ଏହି ଆଇଟମ୍ କିଣିବା ପାଇଁ ${0} ପଏଣ୍ଟର ଆବଶ୍ୟକତା ନାହିଁ",
only,କେବଳ,
"to apply changes","ପରିବର୍ତ୍ତନଗୁଡ଼ିକୁ ପ୍ରୟୋଗ କରିବା ପାଇଁ",