${0},${0},
"${0} ${1} already exists.","${0} ${1} уже существует.",
"${0} ${1} does not exist","${0} ${1} не существует",
"${0} ${1} has been modified after loading please reload entry.","${0} ${1} был изменён после загрузки, пожалуйста, перезагрузите запись.",
"${0} ${1} is linked with existing records.","${0} ${1} связан с существующими записями.",
"${0} account not set in Inventory Settings.","Счёт ${0} не указан в настройках запасов.",
"${0} already applied.","${0} уже применён.",
"${0} already saved","${0} уже сохранён",
"${0} already submitted","${0} уже проведён",
"${0} before ${1}","${0} до ${1}",
"${0} cancelled","${0} отменён",
"${0} cannot be cancelled","${0} не может быть отменён",
"${0} cannot be deleted","${0} не может быть удалён",
"${0} deleted","${0} удалён",
"${0} entries failed","Не удалось обработать записей: ${0}",
"${0} entries imported","Импортировано записей: ${0}",
"${0} entry failed","Не удалось обработать ${0} запись",
"${0} entry imported","Импортирована ${0} запись",
"${0} fields selected","Выбрано полей: ${0}",
"${0} filters applied","Применено фильтров: ${0}",
"${0} has linked child accounts.","${0} имеет связанные дочерние счета.",
"${0} of type ${1} does not exist","${0} типа ${1} не существует",
"${0} only has ${1} points","${0} имеет только ${1} баллов",
"${0} only has ${1} points (${2} will be earned from this transaction)","${0} имеет только ${1} баллов (${2} будет начислено за эту операцию)",
"${0} out of ${1}","${0} из ${1}",
"${0} party ${1} is different from ${2}","Контрагент ${1} в ${0} отличается от ${2}",
"${0} quantity ${1} added.","${0}: добавлено количество ${1}.",
"${0} quantity 1 added.","${0}: добавлено количество 1.",
"${0} row added.","Добавлено строк: ${0}.",
"${0} rows","${0} строк",
"${0} rows added.","Добавлено строк: ${0}.",
"${0} saved","${0} сохранён",
"${0} shortcuts","${0} сочетаний клавиш",
"${0} stored at ${1}","${0} хранится на ${1}",
"${0} submitted","${0} проведён",
"${0} value ${1} does not exist.","${0}: значение ${1} не существует.",
0%,0%,
03-23-2022,03-23-2022,
03/23/2022,03/23/2022,
"1 filter applied","Применён 1 фильтр",
2022-03-23,2022-03-23,
"23 Mar, 2022","23 мар, 2022",
23-03-2022,23-03-2022,
23.03.2022,23.03.2022,
23/03/2022,23/03/2022,
9888900000,9888900000,
"A submittable entry is deleted only if it is in the cancelled state.","Проводимая запись удаляется только в том случае, если она находится в статусе «Отменён».",
"API Base URL","Базовый URL API",
Account,Счёт,
"Account ${0} does not exist.","Счёт ${0} не существует.",
"Account Entries","Записи по счёту",
"Account Name","Название счёта",
"Account Type","Тип счёта",
Accounting,Бухгалтерия,
"Accounting Entries","Бухгалтерские записи",
"Accounting Ledger Entry","Запись бухгалтерского регистра",
"Accounting Settings","Настройки бухгалтерии",
Accounts,Счета,
"Accounts Payable","Кредиторская задолженность",
"Accounts Receivable","Дебиторская задолженность",
"Accumulated Depreciation","Накопленная амортизация",
Action,Действие,
Active,Активный,
"Add Account","Добавить счёт",
"Add Customers","Добавить клиентов",
"Add Group","Добавить группу",
"Add Items","Добавить товары",
"Add Row","Добавить строку",
"Add Suppliers","Добавить поставщиков",
"Add Taxes","Добавить налоги",
"Add a few customers to create your first sales invoice","Добавьте несколько клиентов, чтобы создать первый счёт на продажу",
"Add a few suppliers to create your first purchase invoice","Добавьте несколько поставщиков, чтобы создать первый счёт на покупку",
"Add a filter","Добавить фильтр",
"Add a remark","Добавить примечание",
"Add attachment","Добавить вложение",
"Add invoice terms","Добавить условия счёта",
"Add products or services that you buy from your suppliers","Добавьте товары или услуги, которые вы покупаете у поставщиков",
"Add products or services that you sell to your customers","Добавьте товары или услуги, которые вы продаёте клиентам",
"Add quote terms","Добавить условия предложения",
"Add transfer terms","Добавить условия передачи",
"Add'l Discounts","Доп. скидки",
"Additional ${0} Serial Numbers required for ${1} quantity of ${2}.","Требуется дополнительно ${0} серийных номеров для количества ${1} товара ${2}.",
"Additional quantity (${0}) required${1} to make outward transfer of item ${2} from ${3} on ${4}","Требуется дополнительное количество (${0})${1} для исходящей передачи товара ${2} со склада ${3} ${4}",
Address,Адрес,
"Address Display","Отображение адреса",
"Address Line 1","Адрес, строка 1",
"Address Line 2","Адрес, строка 2",
"Address Name","Название адреса",
"Administrative Expenses","Административные расходы",
Alert,Уведомление,
All,Все,
"Allow to bypass filters","Разрешить обход фильтров",
Amount,Сумма,
"Amount Paid","Оплаченная сумма",
"Amount: ${0} and writeoff: ${1} is less than the total amount allocated to references: ${2}.","Сумма: ${0} и списание: ${1} меньше общей суммы, распределённой по ссылкам: ${2}.",
"Amount: ${0} is less than the total amount allocated to references: ${1}.","Сумма: ${0} меньше общей суммы, распределённой по ссылкам: ${1}.",
Amounts,Суммы,
"An entry is cancelled only if it is in the submitted state.","Запись отменяется только в том случае, если она находится в статусе «Проведён».",
"An entry is submitted only if it is submittable and is in the saved state.","Запись проводится только в том случае, если она является проводимой и находится в статусе «Сохранён».",
"An error occurred.","Произошла ошибка.",
And,И,
"Applicable anywhere in Frappe Books","Применимо в любом месте Frappe Books",
"Applicable when POS is open","Применимо при открытом POS",
"Applicable when Quick Search is open","Применимо при открытом быстром поиске",
"Applicable when Template Builder is open","Применимо при открытом конструкторе шаблонов",
"Applicable when a entry is open in the Form view or Quick Edit view","Применимо, когда запись открыта в режиме формы или быстрого редактирования",
"Applicable when the List View of an entry type is open","Применимо, когда открыт список записей определённого типа",
"Application of Funds (Assets)","Размещение средств (активы)",
"Applied Coupon Codes","Применённые коды купонов",
"Applied Items","Применённые товары",
Apply,Применить,
"Apply Discount After Tax","Применять скидку после налога",
"Apply Price List","Применить прайс-лист",
"Apply and view changes made to the print template","Применить и просмотреть изменения, внесённые в шаблон печати",
April,Апрель,
Arial,Arial,
"Ascending Order","По возрастанию",
Asset,Актив,
"Attach Image","Прикрепить изображение",
Attachment,Вложение,
August,Август,
"Auth Token","Токен аутентификации",
"Auto Payments","Автоматические платежи",
"Auto Stock Transfer","Автоматическое движение запасов",
Autocomplete,Автозаполнение,
"Available Loyalty Points","Доступные баллы лояльности",
Back,Назад,
"Back Reference","Обратная ссылка",
"Bad import data, could not read file.","Некорректные данные импорта, не удалось прочитать файл.",
Balance,Баланс,
"Balance Amount","Сумма баланса",
"Balance Sheet","Бухгалтерский баланс",
Bank,Банк,
"Bank Accounts","Банковские счета",
"Bank Entry","Банковская запись",
"Bank Name","Название банка",
"Bank Overdraft Account","Счёт банковского овердрафта",
Barcode,Штрихкод,
"Barcode ${0} has an invalid length.","Штрихкод ${0} имеет недопустимую длину.",
"Barcode must be exactly 12 digits.","Штрихкод должен содержать ровно 12 цифр.",
"Base Grand Total","Итого к оплате в базовой валюте",
"Based On","На основе",
Batch,Партия,
"Batch ${0} does not belong to Item ${1}","Партия ${0} не относится к товару ${1}",
"Batch ${0} only has ${1} quantity available but ${2} is required","В партии ${0} доступно только количество ${1}, но требуется ${2}",
"Batch Series","Серия партий",
"Batch Series cannot contain the following characters: /, ?, &, =, %","Серия партий не может содержать следующие символы: /, ?, &, =, %",
"Batch not set for row ${0}.","Партия не указана для строки ${0}.",
"Batch set for row ${0}.","Партия указана для строки ${0}.",
"Bill Created","Счёт создан",
Billing,"Выставление счетов",
Billion,Миллиард,
Black,Чёрный,
Blue,Синий,
Both,Оба,
"Both From and To Location cannot be undefined","Склад «Откуда» и «Куда» не могут быть одновременно не указаны",
Buildings,Здания,
"Can Change Discount","Может изменять скидку",
"Can Change Rate","Может изменять цену",
Cancel,Отменить,
"Cancel ${0}?","Отменить ${0}?",
"Cancel Button Colour","Цвет кнопки отмены",
"Cancel or Delete an entry.","Отменить или удалить запись.",
Cancelled,Отменён,
"Cannot Commit Error","Ошибка: не удалось зафиксировать",
"Cannot Delete","Невозможно удалить",
"Cannot Delete Account","Невозможно удалить счёт",
"Cannot Export","Не удалось экспортировать",
"Cannot Import","Не удалось импортировать",
"Cannot Open File","Не удалось открыть файл",
"Cannot add an item to a submitted invoice.","Невозможно добавить товар в проведённый счёт.",
"Cannot cancel ${0} ${1} because of the following ${2}: ${3}","Невозможно отменить ${0} ${1} из-за следующих ${2}: ${3}",
"Cannot cancel ${0} because of the following ${1}: ${2}","Невозможно отменить ${0} из-за следующих ${1}: ${2}",
"Cannot delete ${0} ""${1}"" because of linked entries.","Невозможно удалить ${0} «${1}» из-за связанных записей.",
"Cannot open file","Не удалось открыть файл",
"Cannot perform operation.","Не удалось выполнить операцию.",
"Cannot read file","Не удалось прочитать файл",
"Capital Equipments","Основные средства",
"Capital Stock","Уставный капитал",
Cash,Наличные,
"Cash Denominations","Номиналы наличных",
"Cash Entry","Кассовая запись",
"Cash In Denominations","Наличные по номиналам",
"Cash In Hand","Наличные в кассе",
Cashflow,"Денежный поток",
Ceil,"Округление вверх",
"Central Tax","Центральный налог",
"Change DB","Сменить базу данных",
"Change File","Сменить файл",
"Change Ref Type","Изменить тип ссылки",
"Changes made to settings will be visible on reload.","Изменения в настройках вступят в силу после перезагрузки.",
Chargeable,Облагаемый,
"Chart Of Accounts Reviewed","План счетов проверен",
"Chart of Accounts","План счетов",
Check,Чек,
"Check Digits","Контрольные цифры",
"City / Town","Город / Населённый пункт",
Classic,Классический,
Clear,Очистить,
"Clear Synced Data From ERPNext SyncQueue","Очистить синхронизированные данные из очереди синхронизации ERPNext",
"Clearance Date","Дата погашения",
"Clearance Date not set.","Дата погашения не указана.",
"Clicking continue will remove all the selected items.","Нажатие «Продолжить» удалит все выбранные товары.",
Close,Закрыть,
"Close Frappe Books and try manually.","Закройте Frappe Books и попробуйте вручную.",
"Close POS Shift","Закрыть смену кассы",
"Close Quick Search","Закрыть быстрый поиск",
Closing,Закрытие,
"Closing ${0} Amount can not be negative.","Сумма закрытия ${0} не может быть отрицательной.",
"Closing (Cr)","Закрытие (Кр)",
"Closing (Dr)","Закрытие (Дт)",
"Closing Amount","Сумма закрытия",
"Closing Amounts","Суммы закрытия",
"Closing Cash","Наличные при закрытии",
"Closing Cash In Denominations","Наличные при закрытии по номиналам",
"Closing Date","Дата закрытия",
Collapse,Свернуть,
"Collection Factor","Коэффициент начисления",
"Collection Rules","Правила начисления",
Color,Цвет,
Colour,Цвет,
"Commission on Sales","Комиссия с продаж",
Common,Общие,
Company,Компания,
"Company Logo","Логотип компании",
"Company Name","Название компании",
"Company Setup","Настройка компании",
Completed,Завершено,
Condition,Условие,
"Consolidate Columns","Объединить столбцы",
Contact,Контакт,
Contacts,Контакты,
Contains,Содержит,
Continue,Продолжить,
"Continue submitting Sales Invoice?","Продолжить проведение счёта на продажу?",
"Contra Entry","Внутренняя проводка",
"Conversion Error","Ошибка преобразования",
"Conversion Factor","Коэффициент преобразования",
Converted,Преобразовано,
"Cost Of Goods Sold Acc.","Счёт себестоимости продаж",
"Cost of Goods Sold","Себестоимость продаж",
"Could not connect to database file ${0}, please select the file manually","Не удалось подключиться к файлу базы данных ${0}, выберите файл вручную",
Count,Количество,
"Counter Cash Account","Встречный кассовый счёт",
Country,Страна,
"Country Code","Код страны",
"Country code used to initialize regional settings.","Код страны для инициализации региональных настроек.",
"Coupon ${0} is not applicable for applied items.","Купон ${0} неприменим к выбранным товарам.",
"Coupon Code","Код купона",
"Coupon Name","Название купона",
Coupons,Купоны,
Courier,Курьер,
Cr.,Кр.,
"Cr. ${0}","Кр. ${0}",
Create,Создать,
"Create Demo","Создать демо",
"Create Payment.","Создать платёж.",
"Create Purchase","Создать покупку",
"Create Purchase Invoice","Создать счёт на покупку",
"Create Sale","Создать продажу",
"Create Sales Invoice","Создать счёт на продажу",
"Create a demo company to try out Frappe Books","Создайте демо-компанию, чтобы попробовать Frappe Books",
"Create a new company and store it on your computer","Создайте новую компанию и сохраните её на компьютере",
"Create a new company or select an existing one from your computer","Создайте новую компанию или выберите существующую на компьютере",
"Create a new entry of the same type as the List View","Создать новую запись того же типа, что и в списке",
"Create new ${0} entry?","Создать новую запись ${0}?",
"Create your first purchase invoice from the created supplier","Создайте первый счёт на покупку от созданного поставщика",
"Create your first sales invoice for the created customer","Создайте первый счёт на продажу для созданного клиента",
Created,Создано,
"Created By","Кем создано",
"Creating Items and Parties","Создание товаров и контрагентов",
"Creating Journal Entries","Создание журнальных проводок",
"Creating Purchase Invoices","Создание счетов на покупку",
Credit,Кредит,
"Credit Card Entry","Запись по кредитной карте",
"Credit Note",Кредит-нота,
Creditors,Кредиторы,
Currency,Валюта,
"Currency Name","Название валюты",
Current,Текущий,
"Current Assets","Оборотные активы",
"Current Liabilities","Краткосрочные обязательства",
"Custom Field","Пользовательское поле",
"Custom Fields","Пользовательские поля",
"Custom Form","Пользовательская форма",
"Custom Hex","Пользовательский HEX",
Customer,Клиент,
"Customer Created","Клиент создан",
"Customer Currency","Валюта клиента",
"Customer has no loyalty points to redeem","У клиента нет бонусных баллов для списания",
Customers,Клиенты,
Customizations,"Пользовательские настройки",
"Customize Form","Настроить форму",
"Customize your invoices by adding a logo and address details","Настройте счета, добавив логотип и адресные данные",
"Dark mode","Тёмная тема",
Dashboard,Панель,
Data,Данные,
"Data Sync Interval (In Minutes)","Интервал синхронизации данных (в минутах)",
"Database Error","Ошибка базы данных",
"Database file: ${0}","Файл базы данных: ${0}",
Date,Дата,
"Date Format","Формат даты",
"Date Time","Дата и время",
Day,День,
Debit,Дебет,
"Debit Note",Дебет-нота,
Debtors,Дебиторы,
December,Декабрь,
"Decrease print template display scale","Уменьшить масштаб отображения шаблона печати",
Default,"По умолчанию",
"Default Account","Счёт по умолчанию",
"Default Cash Denominations","Номиналы наличных по умолчанию",
"Default Location","Склад по умолчанию",
Defaults,"Значения по умолчанию",
Delete,Удалить,
"Delete ${0}?","Удалить ${0}?",
"Delete Account","Удалить счёт",
"Delete Failed","Не удалось удалить",
"Delete Group","Удалить группу",
Delivered,Доставлено,
Denomination,Номинал,
Depreciation,Амортизация,
"Depreciation Entry","Проводка амортизации",
Description,Описание,
Details,Подробности,
"Device ID","Идентификатор устройства",
"Device is offline. Please connect to a network to continue.","Устройство не в сети. Подключитесь к сети, чтобы продолжить.",
"Difference Amount","Сумма разницы",
"Direct Expenses","Прямые расходы",
"Direct Income","Прямой доход",
"Directory for database file ${0} does not exist, please select the file manually","Каталог для файла базы данных ${0} не существует, выберите файл вручную",
Disabled,Отключено,
"Discount Account","Счёт скидок",
"Discount Account is not set.","Счёт скидок не указан.",
"Discount Amount","Сумма скидки",
"Discount Amount (${0}) cannot be greated than Amount (${1}).","Сумма скидки (${0}) не может превышать сумму (${1}).",
"Discount Percent","Процент скидки",
"Discount Percent (${0}) cannot be greater than 100.","Процент скидки (${0}) не может превышать 100.",
"Discount Percentage","Процент скидки",
"Discount Type","Тип скидки",
"Discounted Amount","Сумма со скидкой",
Discounts,Скидки,
"Display Amount In Words","Показывать сумму прописью",
"Display Description In Invoice","Показывать описание в счёте",
"Display Doc","Показывать документ",
"Display Logo in Invoice","Показывать логотип в счёте",
"Display Precision","Точность отображения",
"Display Precision should have a value between 0 and 9.","Точность отображения должна иметь значение от 0 до 9.",
"Display Scale","Масштаб отображения",
"Display Terms and Conditions","Показывать условия и положения",
"Display Time In Invoice","Показывать время в счёте",
"Dividends Paid","Выплаченные дивиденды",
"Do not Contact","Не связываться",
"Doc ${0} ${1} not set","Документ ${0} ${1} не задан",
Docs,Документы,
"Document Name","Имя документа",
Documentation,Документация,
"Does Not Contain","Не содержит",
Done,Готово,
Dr.,Деб.,
"Dr. ${0}","Деб. ${0}",
Draft,Черновик,
Duplicate,Дублировать,
"Duplicate Entry","Дублировать запись",
"Duplicate Template","Дублировать шаблон",
"Duplicate columns found: ${0}","Найдены повторяющиеся столбцы: ${0}",
"Duties and Taxes","Пошлины и налоги",
"Dynamic Link","Динамическая ссылка",
"ERP Sync Items","Синхронизация товаров ERP",
"ERPNext Sync","Синхронизация ERPNext",
"ERPNext Sync Queue","Очередь синхронизации ERPNext",
"ERPNext Sync Settings","Настройки синхронизации ERPNext",
"Earnest Money",Задаток,
Eight,Восемь,
Eighteen,Восемнадцать,
Eighty,Восемьдесят,
"Electronic Equipments","Электронное оборудование",
Eleven,Одиннадцать,
Email,"Эл. почта",
"Email Address","Адрес эл. почты",
Empty,Пусто,
"Empty file selected","Выбран пустой файл",
"Enable Barcodes","Включить штрихкоды",
"Enable Batches","Включить партии",
"Enable Coupon Code","Включить промокоды",
"Enable Discount Accounting","Включить учёт скидок",
"Enable ERPNext Sync","Включить синхронизацию ERPNext",
"Enable Form Customization","Включить настройку форм",
"Enable Inventory","Включить учёт запасов",
"Enable Invoice Returns","Включить возвраты по счетам",
"Enable Item Enquiry","Включить запрос товаров",
"Enable Item Group","Включить группы товаров",
"Enable Lead","Включить лиды",
"Enable Loyalty Program","Включить программу лояльности",
"Enable POS Without Inventory","Включить POS без учёта запасов",
"Enable Partial Payment","Включить частичную оплату",
"Enable Partial payment to pay partial amount","Включите частичную оплату для оплаты части суммы",
"Enable Point of Sale","Включить точку продаж",
"Enable Price List","Включить прайс-лист",
"Enable Pricing Rule","Включить правило ценообразования",
"Enable Serial Number","Включить серийные номера",
"Enable UOM Conversion","Включить конвертацию единиц измерения",
Enabled,Включено,
"Enabled For","Включено для",
Endpoints,"Конечные точки",
"Enter Country to load States","Укажите страну для загрузки регионов",
"Enter State","Укажите регион",
"Enter barcode","Введите штрихкод",
"Enter weight barcode","Введите весовой штрихкод",
"Entertainment Expenses","Представительские расходы",
Entry,Запись,
"Entry Currency","Валюта записи",
"Entry Label","Метка записи",
"Entry No","Номер записи",
"Entry No.","Номер записи",
"Entry Type","Тип записи",
"Entry has Grand Total ${0}. Please verify amounts.","Итого к оплате по записи: ${0}. Проверьте суммы.",
Equity,Капитал,
Error,Ошибка,
"Exchange Gain/Loss","Курсовая прибыль/убыток",
"Exchange Rate","Курс валюты",
"Excise Entry","Акцизная запись",
"Existing Company","Существующая компания",
Expand,Развернуть,
"Expected Amount","Ожидаемая сумма",
Expense,Расход,
"Expense Account","Счёт расходов",
Expenses,Расходы,
"Expenses Included In Valuation","Расходы, включённые в оценку",
Expired,Просрочено,
"Expiry Date","Дата истечения срока",
"Expiry Duration","Срок действия",
Export,Экспорт,
"Export Failed","Ошибка экспорта",
"Export Format","Формат экспорта",
"Export Successful","Экспорт выполнен успешно",
"Export Wizard","Мастер экспорта",
"FBooks Integration Version","Версия интеграции FBooks",
Failed,"Не удалось",
"Failed to load batches","Не удалось загрузить партии",
Fax,Факс,
Features,Возможности,
February,Февраль,
"Fetch Data From ERPNext","Получить данные из ERPNext",
"Fetch From ERPNext Queue","Получить из очереди ERPNext",
Field,Поле,
Fieldname,"Имя поля",
"Fieldname ${0} already exists for ${1}","Имя поля ${0} уже существует для ${1}",
"Fieldname ${0} already used for Custom Field ${1}","Имя поля ${0} уже используется для пользовательского поля ${1}",
Fieldtype,"Тип поля",
Fifteen,Пятнадцать,
Fifty,Пятьдесят,
"File ${0} does not exist.","Файл ${0} не существует.",
"File selection failed","Не удалось выбрать файл",
Fill,Заполнить,
Filter,Фильтр,
"Filter by Group","Фильтр по группе",
"Fiscal Year","Финансовый год",
"Fiscal Year End Date","Дата окончания финансового года",
"Fiscal Year Start Date","Дата начала финансового года",
Five,Пять,
"Fix Failed","Не удалось исправить",
"Fixed Asset","Основное средство",
"Fixed Assets","Основные средства",
Float,"Дробное число",
Floor,"Округление вниз",
"Following cells have errors: ${0}.","Следующие ячейки содержат ошибки: ${0}.",
"Following links do not exist: ${absentLinks .map((l) =>","Следующие ссылки не существуют: ${absentLinks .map((l) =>",
Font,Шрифт,
"For Purchase","Для покупки",
"For Sales","Для продажи",
"Forbidden Error","Ошибка доступа",
"Form Section","Раздел формы",
"Form Tab","Вкладка формы",
"Form Type","Тип формы",
Forty,Сорок,
Four,Четыре,
Fourteen,Четырнадцать,
Fr,Пт,
Fraction,Дробь,
"Fraction Units","Дробные единицы",
"Frappe Books does not have access to the selected file: ${0}","У Frappe Books нет доступа к выбранному файлу: ${0}",
"Free Item","Бесплатный товар",
"Free item ""${0}"" was not added due to zero quantity","Бесплатный товар ""${0}"" не добавлен из-за нулевого количества",
"Free items out of stock: ${0}","Бесплатные товары отсутствуют на складе: ${0}",
"Freight and Forwarding Charges","Расходы на перевозку и экспедирование",
From,От,
"From Account","Со счёта",
"From Date","С даты",
"From Lead","Из лида",
"From Loc.","Со склада",
"From Year","С года",
"Full Name","Полное имя",
"Furnitures and Fixtures","Мебель и оборудование",
GST,НДС,
"GSTIN No.","Номер GSTIN",
GSTR1,GSTR1,
GSTR2,GSTR2,
"Gain/Loss on Asset Disposal","Прибыль/убыток от выбытия активов",
General,Общие,
"General Ledger","Главная книга",
"Get Started","Начало работы",
Global,Глобальный,
"Go back to the previous page","Вернуться на предыдущую страницу",
Gram,Грамм,
"Grand Total","Итого к оплате",
"Greater Than","Больше чем",
Green,Зелёный,
"Grid View",Таблица,
"Group By","Группировать по",
HSN/SAC,HSN/SAC,
"HSN/SAC Code","Код HSN/SAC",
"Half Yearly","Раз в полгода",
"Half Years",Полугодия,
"Has Batch","Есть партия",
"Has Serial Number","Есть серийный номер",
"Height (in cm)","Высота (в см)",
Held,Удержан,
"Held Button Colour","Цвет нажатой кнопки",
Help,Справка,
"Hex Value","Значение HEX",
"Hidden values will be visible on Print on.","Скрытые значения будут видны при печати.",
"Hide Get Started","Скрыть «Начало работы»",
"Hide Group Amounts","Скрыть суммы групп",
"Hide Month/Year","Скрыть месяц/год",
"Hide Unavailable Items","Скрыть недоступные товары",
"Hides the Get Started section from the sidebar. Change will be visible on restart or refreshing the app.","Скрывает раздел «Начало работы» из боковой панели. Изменение вступит в силу после перезапуска или обновления приложения.",
"Hold Q and type digits to set selected item quantity","Удерживайте Q и вводите цифры, чтобы задать количество выбранного товара",
Hour,Час,
Hundred,Сто,
INR,INR,
"If any entry form is open, save the details. Otherwise, save the invoice.","Если открыта какая-либо форма записи, сохранить данные. В противном случае сохранить счёт.",
"If any entry form is open, your entry will be canceled. Otherwise the selected items will be removed.","Если открыта какая-либо форма записи, ваша запись будет отменена. В противном случае выбранные товары будут удалены.",
"Ignore Pricing Rule","Игнорировать правило ценообразования",
Image,Изображение,
"Import Complete","Импорт завершён",
"Import Data","Импортировать данные",
"Import Data.","Импортировать данные.",
"Import Type","Тип импорта",
"Import Wizard","Мастер импорта",
"Importer not set, reload tool","Импортер не задан, перезагрузите инструмент",
"In stock","В наличии",
Inactive,Неактивный,
"Include Cancelled","Включить отменённые",
Income,Доход,
"Income Account","Счёт доходов",
"Increase print template display scale","Увеличить масштаб отображения шаблона печати",
Indigo,Индиго,
"Indirect Expenses","Косвенные расходы",
"Indirect Income","Косвенные доходы",
Inflow,Приток,
"Initial Sync Data","Исходные данные синхронизации",
"Instance Id","Идентификатор экземпляра",
"Insufficient Quantity","Недостаточное количество",
"Insufficient Quantity.","Недостаточное количество.",
"Insufficient Quantity. Item ${0} has only ${1} quantities available. you selected ${2}","Недостаточное количество. Товар ${0} доступен в количестве всего ${1}. Вы выбрали ${2}",
Int,Целое,
"Integration Error Log","Журнал ошибок интеграции",
Interested,Заинтересован,
"Intergrated Tax","Интегрированный налог",
"Internal Precision","Внутренняя точность",
"Invalid HSN Code.","Недопустимый код HSN.",
"Invalid Key Error","Ошибка недопустимого ключа",
"Invalid Quantity for Item ${0}","Недопустимое количество для товара ${0}",
"Invalid barcode value ${0}.","Недопустимое значение штрихкода ${0}.",
"Invalid value ${0} for ${1}","Недопустимое значение ${0} для ${1}",
"Invalid value found for ${0}","Обнаружено недопустимое значение для ${0}",
Inventory,Запасы,
"Inventory Items","Складские товары",
"Inventory Settings","Настройки запасов",
Investments,Инвестиции,
Invoice,Счёт,
"Invoice Created","Счёт создан",
"Invoice Date","Дата счёта",
"Invoice Item","Позиция счёта",
"Invoice No","Номер счёта",
"Invoice No.","Номер счёта",
"Invoice Value","Сумма счёта",
Invoices,Счета,
Is,Равно,
"Is Coupon Code Based","На основе кода купона",
"Is Custom",Пользовательский,
"Is Empty",Пусто,
"Is Enabled",Включено,
"Is Group","Является группой",
"Is Landscape","Альбомная ориентация",
"Is Not","Не равно",
"Is Not Empty","Не пусто",
"Is POS Shift Open","Смена POS открыта",
"Is Price List Enabled","Прайс-лист включён",
"Is Pricing Rule Enabled","Правило ценообразования включено",
"Is Recursive",Рекурсивный,
"Is Required",Обязательно,
"Is Sync Enabled","Синхронизация включена",
"Is Whole","Целое число",
Item,Товар,
"Item ${0} has Zero Quantity","Товар ${0} имеет нулевое количество",
"Item ${0} is a batched item","Товар ${0} учитывается по партиям",
"Item ${0} is not a batched item","Товар ${0} не учитывается по партиям",
"Item ${0} is out of stock (quantity is zero)","Товара ${0} нет в наличии (количество равно нулю)",
"Item ${0} not found","Товар ${0} не найден",
"Item ${0} not in Stock","Товара ${0} нет в наличии",
"Item ${0} only has ${1} Quantity","Товар ${0} доступен в количестве всего ${1}",
"Item ${0} only has ${1} Quantity in batch ${2}","Товар ${0} доступен в количестве всего ${1} в партии ${2}",
"Item Code","Код товара",
"Item Code Digits","Количество цифр в коде товара",
"Item Description","Описание товара",
"Item Discounts","Скидки на товары",
"Item Enquiry","Запрос о товаре",
"Item Group","Группа товаров",
"Item Name","Наименование товара",
"Item Prices","Цены на товары",
"Item Visibility","Видимость товара",
"Item enquiry submitted","Запрос о товаре отправлен",
"Item with From location not found","Товар со складом-источником не найден",
"Item with To location not found","Товар со складом-получателем не найден",
"Item with barcode ${0} not found.","Товар со штрихкодом ${0} не найден.",
ItemCode,КодТовара,
Items,Товары,
January,Январь,
"John Doe","Иван Иванов",
"Journal Entries","Журнальные проводки",
"Journal Entry","Журнальная проводка",
"Journal Entry Account","Счёт журнальной проводки",
"Journal Entry Number Series","Серия нумерации журнальных проводок",
"Journal Entry Print Template","Шаблон печати журнальной проводки",
July,Июль,
June,Июнь,
"Key Hints","Подсказки по клавишам",
Kg,Кг,
Label,Метка,
Language,Язык,
Lead,Лид,
"Left Index","Левый индекс",
"Legal Expenses","Юридические расходы",
"Less Filters","Меньше фильтров",
"Less Than","Меньше чем",
Liability,Обязательство,
Limit,Лимит,
Link,Ссылка,
"Link Validation Error","Ошибка проверки ссылки",
"Linked Entries","Связанные записи",
List,Список,
"List View",Список,
"Load an existing company from your computer","Загрузить существующую компанию с вашего компьютера",
"Loading Report...","Загрузка отчёта...",
"Loading instance...","Загрузка экземпляра...",
Loading...,Загрузка...,
"Loans (Liabilities)","Займы (обязательства)",
"Loans and Advances (Assets)","Займы и авансы (активы)",
Locale,"Региональные настройки",
Location,Склад,
"Location Name","Название склада",
Logo,Логотип,
"Loyalty Point Entry","Запись о баллах лояльности",
"Loyalty Points","Баллы лояльности",
"Loyalty Points Redemption","Погашение баллов лояльности",
"Loyalty Program","Программа лояльности",
"Loyalty Program Tier","Уровень программы лояльности",
"Loyalty program has expired and cannot be applied","Срок действия программы лояльности истёк, её нельзя применить",
"Loyalty program has expired or reached maximum usage","Срок действия программы лояльности истёк или достигнут лимит использования",
"Make Entry","Создать запись",
"Make Payment On Submit","Создавать платёж при проведении",
"Make Purchase Receipt On Submit","Создавать приходную накладную при проведении",
"Make Shipment On Submit","Создавать отгрузку при проведении",
"Mandatory Error","Ошибка обязательного поля",
Manufacture,Производство,
"Manufacture Date","Дата производства",
"Mar 23, 2022","23 марта 2022",
March,Март,
"Mark ${0} as submitted?","Отметить ${0} как проведённый?",
"Marketing Expenses","Расходы на маркетинг",
"Material Issue","Выдача материалов",
"Material Receipt","Поступление материалов",
"Material Transfer","Перемещение материалов",
"Max Amount","Макс. сумма",
"Max Qty (As Per Stock Unit)","Макс. количество (в единицах запаса)",
Maxed,"Достигнут максимум",
"Maximum Amount should be greater than the Minimum Amount.","Максимальная сумма должна быть больше минимальной суммы.",
"Maximum Amount should be lesser than Pricing Rule's Maximum Amount","Максимальная сумма должна быть меньше максимальной суммы правила ценообразования",
"Maximum Quantity should be greater than the Minimum Quantity.","Максимальное количество должно быть больше минимального количества.",
"Maximum Use","Максимальное использование",
May,Май,
Meter,Метр,
Million,Миллион,
"Min Amount","Мин. сумма",
"Min Qty (As Per Stock Unit)","Мин. количество (в единицах запаса)",
"Minimum Amount should be greather than the Pricing Rule's Minimum Amount.","Минимальная сумма должна быть больше минимальной суммы правила ценообразования.",
"Minimum Amount should be less than the Maximum Amount.","Минимальная сумма должна быть меньше максимальной суммы.",
"Minimum Quantity should be less than the Maximum Quantity.","Минимальное количество должно быть меньше максимального количества.",
"Minimum Total Spent","Минимальная общая сумма расходов",
Misc,Прочее,
Miscellaneous,Прочее,
"Miscellaneous Expenses","Прочие расходы",
Mo,Пн,
Mobile,"Мобильный телефон",
Modern,Современный,
Modified,Изменён,
"Modified By","Кем изменён",
Monthly,Ежемесячно,
Months,Месяцы,
More,Ещё,
"More Filters","Больше фильтров",
"More shortcuts will be added soon.","Скоро будут добавлены дополнительные сочетания клавиш.",
"Movement Type","Тип движения",
Name,Название,
Navigate,Перейти,
"Need ${0} Serial Numbers for Item ${1}. You have provided ${2}","Требуется ${0} серийных номеров для товара ${1}. Вы указали ${2}",
"Net Total","Сумма без налога",
"New ${0}","Новый ${0}",
"New ${0} ${1}","Новый ${0} ${1}",
"New Account","Новый счёт",
"New Company","Новая компания",
"New Entry","Новая запись",
"New Template","Новый шаблон",
Nine,Девять,
Nineteen,Девятнадцать,
Ninety,Девяносто,
No,Нет,
"No Display Entries Found","Записи для отображения не найдены",
"No Print Templates not found for entry type ${0}","Не найдено шаблонов печати для типа записи ${0}",
"No Value","Нет значения",
"No Values to be Displayed","Нет значений для отображения",
"No entries found","Записи не найдены",
"No entries were imported.","Ни одна запись не была импортирована.",
"No expenses in this period","Нет расходов за этот период",
"No filters selected","Фильтры не выбраны",
"No linked entries found","Связанные записи не найдены",
"No results found","Результаты не найдены",
"No results found, disable filters","Результаты не найдены, отключите фильтры",
"No rows added. Select a file or add rows.","Строки не добавлены. Выберите файл или добавьте строки.",
"No transactions yet","Транзакций пока нет",
"Non Active Serial Number ${0} cannot be used as Manufacture raw material","Неактивный серийный номер ${0} нельзя использовать как сырьё для производства",
"Non Active Serial Number ${0} cannot be used for Material Issue","Неактивный серийный номер ${0} нельзя использовать для выдачи материалов",
"Non Active Serial Number ${0} cannot be used for Material Transfer","Неактивный серийный номер ${0} нельзя использовать для перемещения материалов",
"Non Inactive Serial Number ${0} cannot be used for Material Receipt","Активный серийный номер ${0} нельзя использовать для поступления материалов",
"Non-Inventory Items","Незапасные товары",
None,Нет,
"Not Found","Не найдено",
"Not Saved","Не сохранено",
"Not Submitted","Не проведён",
"Not Transferred","Не перемещено",
Notes,Примечания,
November,Ноябрь,
"Number Display","Отображение чисел",
"Number Series","Серия нумерации",
"Number of ${0}","Количество ${0}",
"Number of Rows","Количество строк",
October,Октябрь,
"Office Equipments","Офисное оборудование",
"Office Maintenance Expenses","Расходы на содержание офиса",
"Office Rent","Аренда офиса",
Okay,ОК,
"Onboarding Complete","Настройка завершена",
One,Один,
"Only From or To can be set for Manufacture","Для производства можно указать только «Откуда» или «Куда»",
Open,Открыть,
"Open Count","Количество открытых",
"Open Documentation","Открыть документацию",
"Open Folder","Открыть папку",
"Open POS Shift","Открыть смену POS",
"Open Print View","Открыть режим печати",
"Open Print View if Print is available.","Открыть режим печати, если печать доступна.",
"Open Quick Search","Открыть быстрый поиск",
"Open Report Print View","Открыть режим печати отчёта",
"Open Sales Invoice List","Открыть список счетов на продажу",
"Open Saved or Submitted Invoice List.","Открыть список сохранённых или проведённых счетов.",
"Open the Export Wizard modal","Открыть мастер экспорта",
"Opening (Cr)","Начальное сальдо (Кредит)",
"Opening (Dr)","Начальное сальдо (Дебет)",
"Opening Amount","Начальная сумма",
"Opening Amounts","Начальные суммы",
"Opening Balance Equity","Начальное сальдо собственного капитала",
"Opening Balances","Начальные остатки",
"Opening Cash","Начальная наличность",
"Opening Cash Amount can not be negative.","Начальная сумма наличности не может быть отрицательной.",
"Opening Cash In Denominations","Начальная наличность по номиналам",
"Opening Date","Дата открытия",
"Opening Entry","Начальная запись",
"Opening Shift","Открытие смены",
Opportunity,Возможность,
Options,Параметры,
Orange,Оранжевый,
Organisation,Организация,
"Out stock","Нет в наличии",
Outflow,Отток,
Outstanding,Задолженность,
"Outstanding Amount","Сумма задолженности",
POS,POS,
"POS Closing Shift","Закрытие смены POS",
"POS Counter Cash Account is not set. Please set it on POS Settings","Кассовый счёт POS не задан. Укажите его в настройках POS",
"POS Customer","Клиент POS",
"POS Inventory is not set. Please set it on POS Settings","Запасы POS не заданы. Укажите их в настройках POS",
"POS Opening Shift","Открытие смены POS",
"POS Print Template","Шаблон печати POS",
"POS Profile","Профиль POS",
"POS Settings","Настройки POS",
"POS Shift Amount","Сумма смены POS",
"POS UI","Интерфейс POS",
"POS Write Off Account is not set. Please set it on POS Settings","Счёт списания POS не задан. Укажите его в настройках POS",
"Pad Zeros","Дополнять нулями",
Page,Страница,
Paid,Оплачено,
"Paid ${0}","Оплачено ${0}",
"Paid Change","Выданная сдача",
Paisa,Пайса,
Parent,Родитель,
"Parent Account","Родительский счёт",
"Partly Paid","Частично оплачено",
"Partly Paid ${0}","Частично оплачено ${0}",
Party,Контрагент,
"Patch Run","Запуск патча",
Pay,Оплатить,
"Pay & Print","Оплатить и распечатать",
"Pay And Print Button Colour","Цвет кнопки «Оплатить и распечатать»",
"Pay Button Colour","Цвет кнопки «Оплатить»",
Payable,"Кредиторская задолженность",
Payment,Платёж,
"Payment ${0} is Saved","Платёж ${0} сохранён",
"Payment For","Платёж за",
"Payment Method","Способ оплаты",
"Payment No","Номер платежа",
"Payment Number Series","Серия нумерации платежей",
"Payment Print Template","Шаблон печати платежа",
"Payment Reference","Референс платежа",
"Payment Type","Тип платежа",
"Payment amount cannot be ${0}.","Сумма платежа не может быть ${0}.",
"Payment amount cannot be less than zero.","Сумма платежа не может быть меньше нуля.",
"Payment amount cannot exceed ${0}.","Сумма платежа не может превышать ${0}.",
"Payment amount: ${0} should be greater than 0.","Сумма платежа: ${0} должна быть больше 0.",
"Payment amount: ${0} should be less than Outstanding amount: ${1}.","Сумма платежа: ${0} должна быть меньше суммы задолженности: ${1}.",
"Payment of ${0} will be made from account ""${1}"" to account ""${2}"" on Submit.","При проведении будет выполнен платёж на сумму ${0} со счёта «${1}» на счёт «${2}».",
Payments,Платежи,
"Payroll Payable","Задолженность по заработной плате",
"Pending qty. ${0}","Ожидается кол-во ${0}",
Periodicity,Периодичность,
Phone,Телефон,
"Pick Columns","Выбрать столбцы",
"Pick Import Columns","Выбрать столбцы для импорта",
Pink,Розовый,
Place,Место,
"Place of supply","Место поставки",
"Plants and Machineries","Машины и оборудование",
"Please Wait","Пожалуйста, подождите",
"Please add a customer before saving","Добавьте клиента перед сохранением",
"Please add items","Добавьте товары",
"Please check Key Hints for valid key names","Проверьте подсказки клавиш для допустимых имён клавиш",
"Please create a ${0} entry to view Template Preview.","Создайте запись ${0}, чтобы просмотреть предпросмотр шаблона.",
"Please fill all values.","Заполните все значения.",
"Please restart and try again.","Перезапустите и попробуйте снова.",
"Please select a Print Template","Выберите шаблон печати",
"Please select a batch first","Сначала выберите партию",
"Please select a customer","Выберите клиента",
"Please select a payment method before proceeding with payment.","Выберите способ оплаты перед продолжением платежа.",
"Please select a payment method before submitting.","Выберите способ оплаты перед проведением.",
"Please select a valid reference type.","Выберите допустимый тип ссылки.",
"Please set GSTIN in General Settings.","Укажите GSTIN в общих настройках.",
"Please set Round Off Account in the Settings.","Укажите счёт округления в настройках.",
"Please set a Display Doc","Укажите отображаемый документ",
"Point of Sale","Точка продаж",
"Points must be greater than 0","Баллы должны быть больше 0",
"Points must be greather than 0","Баллы должны быть больше 0",
"Pos Print Width","Ширина чека",
"Pos Ui","Интерфейс точки продаж",
"Postal Code","Почтовый индекс",
"Postal Expenses","Почтовые расходы",
"Posting Date","Дата проводки",
Prefix,Префикс,
"Price Discount","Скидка с цены",
"Price Discount Scheme","Схема скидки с цены",
"Price Discount Type","Тип скидки с цены",
"Price List",Прайс-лист,
"Price List Item","Позиция прайс-листа",
"Pricing Rule","Правило ценообразования",
"Pricing Rule Detail","Детали правила ценообразования",
"Pricing Rule Item","Товар правила ценообразования",
"Prime Bank","Prime Bank",
Print,Печать,
"Print ${0}","Печать ${0}",
"Print Failed","Ошибка печати",
"Print Settings","Настройки печати",
"Print Setup","Настройка печати",
"Print Successful","Печать выполнена",
"Print Template","Шаблон печати",
"Print Template Name not set","Имя шаблона печати не задано",
"Print Template is empty","Шаблон печати пуст",
"Print Templates","Шаблоны печати",
"Print View","Режим печати",
"Print and Stationery","Печать и канцелярия",
Priority,Приоритет,
Product,Продукт,
"Product Discount","Скидка на товар",
"Product Discount Scheme","Схема скидки на товар",
Profile,Профиль,
"Profit And Loss","Прибыли и убытки",
"Profit and Loss","Прибыли и убытки",
Purchase,Покупка,
"Purchase Acc.","Счёт покупок",
"Purchase Amount","Сумма покупки",
"Purchase Invoice","Счёт на покупку",
"Purchase Invoice Item","Позиция счёта на покупку",
"Purchase Invoice Number Series","Серия нумерации счетов на покупку",
"Purchase Invoice Print Template","Шаблон печати счёта на покупку",
"Purchase Invoice Terms","Условия счёта на покупку",
"Purchase Invoices","Счета на покупку",
"Purchase Item","Товар покупки",
"Purchase Item Created","Товар покупки создан",
"Purchase Items","Товары покупки",
"Purchase Payment","Платёж по покупке",
"Purchase Payment Account","Счёт платежей по покупкам",
"Purchase Payments","Платежи по покупкам",
"Purchase Receipt","Приходный ордер",
"Purchase Receipt Item","Позиция приходного ордера",
"Purchase Receipt Location","Склад приходного ордера",
"Purchase Receipt Number Series","Серия нумерации приходных ордеров",
"Purchase Receipt Print Template","Шаблон печати приходного ордера",
"Purchase Receipt Terms","Условия приходного ордера",
Purchases,Покупки,
Purple,Фиолетовый,
Purpose,Назначение,
Qty,Кол-во,
"Qty in Batch","Кол-во в партии",
"Qty. ${0}","Кол-во ${0}",
"Qty. in Transfer Unit","Кол-во в единице перемещения",
Quantity,Количество,
"Quantity (${0}) has to be greater than zero","Количество (${0}) должно быть больше нуля",
"Quantity and Amount","Количество и сумма",
"Quantity must be greater than zero.","Количество должно быть больше нуля.",
"Quantity needs to be set","Необходимо указать количество",
Quarterly,Ежеквартально,
Quarters,Кварталы,
"Quick Search","Быстрый поиск",
"Quick edit error: ${0} entry has no name.","Ошибка быстрого редактирования: запись ${0} не имеет имени.",
Quotation,"Коммерческое предложение",
Quote,Предложение,
"Quote Reference","Ссылка на предложение",
Rate,Цена,
"Rate (${0}) cannot be less zero.","Цена (${0}) не может быть меньше нуля.",
"Rate (${0}) has to be greater than zero","Цена (${0}) должна быть больше нуля",
"Rate can't be negative.","Цена не может быть отрицательной.",
"Rate needs to be set","Необходимо указать цену",
"Raw Value: ${0}","Исходное значение: ${0}",
Receivable,"Дебиторская задолженность",
Receive,Получить,
Recent,Недавние,
"Recurse Every (As Per Transaction Unit)","Повторять каждые (согласно единице операции)",
Red,Красный,
"Redeem Loyalty Points","Использовать бонусные баллы",
"Ref Name","Имя ссылки",
"Ref Type","Тип ссылки",
"Ref. / Cheque No.","Ссылка / № чека",
"Ref. Date","Дата ссылки",
"Ref. Name","Имя ссылки",
"Ref. Type","Тип ссылки",
Reference,Ссылка,
"Reference Date","Дата ссылки",
"Reference Id not set.","Идентификатор ссылки не задан.",
"Reference Number","Номер ссылки",
"Reference Type","Тип ссылки",
References,Ссылки,
"Register Instance","Зарегистрировать экземпляр",
"Reload Frappe Books?","Перезагрузить Frappe Books?",
"Remove Filter","Удалить фильтр",
Replied,Отвечено,
Report,Отчёт,
"Report Error","Сообщить об ошибке",
"Report Issue","Сообщить о проблеме",
"Report will use more than one page if required.","При необходимости отчёт займёт более одной страницы.",
Reports,Отчёты,
"Required fields not selected: ${0}","Не выбраны обязательные поля: ${0}",
"Retained Earnings","Нераспределённая прибыль",
Return,Возврат,
"Return Against","Возврат по",
"Return Button Colour","Цвет кнопки возврата",
"Return Issued","Возврат оформлен",
"Reverse Chrg.","Обратное начисление",
Reverted,Сторнировано,
Reverts,Сторнирует,
"Review Accounts","Проверка счетов",
"Review your chart of accounts, add any account or tax heads as needed","Проверьте план счетов, при необходимости добавьте счета или налоговые статьи",
"Right Index","Правый указательный",
Role,Роль,
"Root Type","Корневой тип",
Round,Округление,
"Round Free Item Quantity","Округлять количество бесплатных товаров",
"Round Off",Округление,
"Round Off Account","Счёт округления",
"Round Off Account Not Found","Счёт округления не найден",
"Rounded Off",Округлено,
"Rounding Method","Метод округления",
"Row ${0}","Строка ${0}",
Sa,Сб,
Salary,"Заработная плата",
Sales,Продажи,
"Sales Acc.","Счёт продаж",
"Sales Expenses","Расходы на продажи",
"Sales Invoice","Счёт на продажу",
"Sales Invoice ${0} is Saved","Счёт на продажу ${0} сохранён",
"Sales Invoice ${0} is Submitted","Счёт на продажу ${0} проведён",
"Sales Invoice Item","Позиция счёта на продажу",
"Sales Invoice List","Список счетов на продажу",
"Sales Invoice Number Series","Серия нумерации счетов на продажу",
"Sales Invoice Print Template","Шаблон печати счёта на продажу",
"Sales Invoice Terms","Условия счёта на продажу",
"Sales Invoices","Счета на продажу",
"Sales Item","Товар продажи",
"Sales Item Created","Товар продажи создан",
"Sales Items","Товары продажи",
"Sales Payment","Платёж по продаже",
"Sales Payment Account","Счёт платежей по продажам",
"Sales Payments","Платежи по продажам",
"Sales Quote","Коммерческое предложение",
"Sales Quote Item","Позиция коммерческого предложения",
"Sales Quote Number Series","Серия нумерации коммерческих предложений",
"Sales Quote Print Template","Шаблон печати коммерческого предложения",
"Sales Quotes","Коммерческие предложения",
"Sales and Purchase","Продажи и покупки",
Save,Сохранить,
"Save ${0}?","Сохранить ${0}?",
"Save Button Colour","Цвет кнопки «Сохранить»",
"Save Customizations","Сохранить настройки",
"Save Template","Сохранить шаблон",
"Save Template File","Сохранить файл шаблона",
"Save and Continue","Сохранить и продолжить",
"Save as PDF","Сохранить как PDF",
"Save as PDF Successful","PDF успешно сохранён",
"Save changes made to ${0}?","Сохранить изменения в ${0}?",
"Save or Submit an entry.","Сохраните или проведите запись.",
Saved,Сохранено,
"Search Item (Name or Barcode)","Поиск товара (название или штрихкод)",
"Secured Loans","Обеспеченные займы",
"Securities and Deposits","Ценные бумаги и депозиты",
Select,Выбрать,
"Select CoA","Выберите план счетов",
"Select Color","Выберите цвет",
"Select Colour","Выберите цвет",
"Select Country","Выберите страну",
"Select File","Выберите файл",
"Select Image","Выберите изображение",
"Select Template File","Выберите файл шаблона",
"Select a Display Doc to view the Template","Выберите документ для просмотра шаблона",
"Select a Template type","Выберите тип шаблона",
"Select a form type to customize","Выберите тип формы для настройки",
"Select a pre-defined page size, or set a custom page size for your Print Template.","Выберите стандартный размер страницы или задайте свой размер для шаблона печати.",
"Select column","Выберите столбец",
"Select file","Выберите файл",
"Select folder","Выберите папку",
"Select the Batch","Выберите партию",
"Select the template type.","Выберите тип шаблона.",
Selected,Выбрано,
September,Сентябрь,
"Serial Number","Серийный номер",
"Serial Number ${0} does not belong to the item ${1}.","Серийный номер ${0} не относится к товару ${1}.",
"Serial Number ${0} does not exist.","Серийный номер ${0} не существует.",
"Serial Number ${0} is not Active.","Серийный номер ${0} не активен.",
"Serial Number ${0} is not Inactive","Серийный номер ${0} не является неактивным",
"Serial Number ${0} status is not Active.","Статус серийного номера ${0} не «Активен».",
"Serial Number Description","Описание серийного номера",
"Serial Number Series","Серия серийных номеров",
"Serial Number Series cannot contain the following characters: /, ?, &, =, %","Серия серийных номеров не может содержать следующие символы: /, ?, &, =, %",
"Serial Number Status","Статус серийного номера",
"Serial Number is enabled for Item ${0}","Серийные номера включены для товара ${0}",
"Serial Number is not enabled for Item ${0}","Серийные номера не включены для товара ${0}",
"Serial Number not set for row ${0}.","Серийный номер не задан для строки ${0}.",
"Serial Number set for row ${0}.","Серийный номер задан для строки ${0}.",
Service,Услуга,
"Set Coupon Code","Задать код купона",
"Set Discount Amount","Задать сумму скидки",
"Set Loyalty Program","Задать программу лояльности",
"Set Period","Задать период",
"Set Price List","Задать прайс-лист",
"Set Print Size","Задать размер печати",
"Set Template Type","Задать тип шаблона",
"Set Up",Настроить,
"Set Up Your Workspace","Настройте рабочее пространство",
"Set a Template value to see the Print Template","Задайте значение шаблона, чтобы увидеть шаблон печати",
"Set an Import Type","Задайте тип импорта",
"Set the display language.","Задайте язык интерфейса.",
"Set the local code. This is used for number formatting.","Задайте региональный код. Он используется для форматирования чисел.",
"Set up your company information, email, country and fiscal year","Укажите данные компании, эл. почту, страну и финансовый год",
"Set up your opening balances before performing any accounting entries","Задайте начальные остатки перед вводом любых учётных записей",
"Set up your organization","Настройте свою организацию",
"Set up your tax templates for your sales or purchase transactions","Настройте налоговые шаблоны для операций продажи и покупки",
"Sets how many digits are shown after the decimal point.","Задаёт количество знаков после запятой.",
"Sets the app-wide date display format.","Задаёт формат отображения даты во всём приложении.",
"Sets the internal precision used for monetary calculations. Above 6 should be sufficient for most currencies.","Задаёт внутреннюю точность для денежных расчётов. Значения выше 6 достаточно для большинства валют.",
"Sets the theme of the app.","Задаёт тему оформления приложения.",
"Setting Up Instance","Настройка экземпляра",
Settings,Настройки,
Setup,Настройка,
"Setup Complete","Настройка завершена",
"Setup Wizard","Мастер настройки",
"Setup system defaults like date format and display precision","Настройте системные параметры по умолчанию, такие как формат даты и точность отображения",
Seven,Семь,
Seventeen,Семнадцать,
Seventy,Семьдесят,
Shipment,Отгрузка,
"Shipment ${0} is Submitted","Отгрузка ${0} проведена",
"Shipment Item","Позиция отгрузки",
"Shipment Location","Склад отгрузки",
"Shipment Number Series","Серия нумерации отгрузок",
"Shipment Print Template","Шаблон печати отгрузки",
"Shipment Terms","Условия отгрузки",
Shortcuts,"Сочетания клавиш",
"Should entries be submitted after syncing?","Проводить записи после синхронизации?",
"Show HSN","Показывать код ТН ВЭД",
"Show Me",Показать,
"Show Month/Year","Показывать месяц/год",
"Similar Product","Похожий товар",
"Single Value","Одно значение",
Six,Шесть,
Sixteen,Шестнадцать,
Sixty,Шестьдесят,
"Skip Child Tables","Пропустить дочерние таблицы",
"Skip Transactions","Пропустить операции",
"Smallest Currency Fraction Value","Наименьшая дробная единица валюты",
Softwares,"Программное обеспечение",
"Something has gone terribly wrong. Please check the console and raise an issue.","Произошла серьёзная ошибка. Проверьте консоль и сообщите о проблеме.",
"Source of Funds (Liabilities)","Источники средств (обязательства)",
"Standard Chart of Accounts","Стандартный план счетов",
Start,Начать,
"Start From Row Index","Начать со строки с индексом",
State,Регион,
"State Tax","Региональный налог",
Status,Статус,
Stock,Запасы,
"Stock Adjustment","Корректировка запасов",
"Stock Assets","Активы запасов",
"Stock Balance","Баланс запасов",
"Stock Entries","Записи запасов",
"Stock Expenses","Расходы по запасам",
"Stock In Hand","Запасы в наличии",
"Stock In Hand Acc.","Счёт запасов в наличии",
"Stock Ledger","Регистр запасов",
"Stock Ledger Entry","Запись регистра запасов",
"Stock Liabilities","Обязательства по запасам",
"Stock Movement","Движение запасов",
"Stock Movement Item","Позиция движения запасов",
"Stock Movement No.","№ движения запасов",
"Stock Movement Number Series","Серия нумерации движений запасов",
"Stock Movement Print Template","Шаблон печати движения запасов",
"Stock Movements","Движения запасов",
"Stock Not Received","Запасы не получены",
"Stock Not Shipped","Запасы не отгружены",
"Stock Not Transferred","Запасы не перемещены",
"Stock Received But Not Billed","Запасы получены, но не выставлены к оплате",
"Stock Received But Not Billed Acc.","Счёт «Запасы получены, но не выставлены к оплате»",
"Stock Transfer Item","Позиция перемещения запасов",
"Stock Unit","Единица измерения запасов",
StockTransfer,"Перемещение запасов",
Stores,Склады,
Su,Вс,
Submit,Провести,
"Submit ${0}?","Провести ${0}?",
"Submit Button Colour","Цвет кнопки «Провести»",
"Submit entries?","Провести записи?",
Submitted,Проведён,
Success,Успешно,
Supplier,Поставщик,
"Supplier Created","Поставщик создан",
Suppliers,Поставщики,
Symbol,Символ,
"Sync Data From Server","Синхронизировать данные с сервера",
"Sync Data To ERPNext","Синхронизировать данные в ERPNext",
"Sync Data To Server","Синхронизировать данные на сервер",
"Sync Settings","Настройки синхронизации",
System,Система,
"System Settings","Системные настройки",
"System Setup","Системная настройка",
Table,Таблица,
Target,Цель,
Tax,Налог,
"Tax Account","Счёт налога",
"Tax Amount","Сумма налога",
"Tax Assets","Налоговые активы",
"Tax Detail","Детализация налога",
"Tax ID",ИНН,
"Tax Invoice Account","Счёт налога по счёту-фактуре",
"Tax Payment Account","Счёт уплаты налога",
"Tax Rate","Ставка налога",
"Tax Summary","Сводка по налогам",
"Tax Template","Шаблон налога",
"Tax Templates","Шаблоны налогов",
"Tax and Totals","Налоги и итоги",
"Taxable Value","Налогооблагаемая стоимость",
"Taxed Amount","Обложенная налогом сумма",
Taxes,Налоги,
"Taxes and Charges","Налоги и сборы",
Teal,Бирюзовый,
"Telephone Expenses","Расходы на телефонную связь",
Template,Шаблон,
"Template Builder","Конструктор шаблонов",
"Template Compilation Error","Ошибка компиляции шаблона",
"Template Name","Название шаблона",
"Template Type","Тип шаблона",
"Template file saved","Файл шаблона сохранён",
Temporary,Временный,
"Temporary Accounts","Временные счета",
"Temporary Opening","Временное открытие",
Ten,Десять,
Terms,Условия,
"Terms and Conditions","Положения и условия",
Text,Текст,
Th,Чт,
"The Grand Total must be less than ${0} to apply this coupon.","Итого к оплате должно быть меньше ${0}, чтобы применить этот купон.",
"The Grand Total must exceed ${0} to apply the coupon ${1}.","Итого к оплате должно превышать ${0}, чтобы применить купон ${1}.",
"The following characters cannot be used ${0} in a Number Series name.","Следующие символы нельзя использовать ${0} в названии серии нумерации.",
"The following items have insufficient quantity for Shipment: ${0}","Следующих товаров недостаточно для отгрузки: ${0}",
Theme,Тема,
Thirteen,Тринадцать,
Thirty,Тридцать,
"This Month","Этот месяц",
"This Quarter","Этот квартал",
"This Year","Этот год",
"This action is permanent","Это действие необратимо",
"This action is permanent and will cancel the following payment: ${0}","Это действие необратимо и отменит следующий платёж: ${0}",
"This action is permanent and will cancel the following payments: ${0}","Это действие необратимо и отменит следующие платежи: ${0}",
"This action is permanent and will delete associated ledger entries.","Это действие необратимо и удалит связанные записи регистра.",
"This action is permanent.","Это действие необратимо.",
Thousand,Тысяча,
Three,Три,
"Tier Name","Название уровня",
"Times New Roman","Times New Roman",
Title,Заголовок,
To,Кому,
"To Account","На счёт",
"To Account and From Account can't be the same: ${0}","Счёт получателя и счёт отправителя не могут совпадать: ${0}",
"To Date","По дату",
"To Loc.","На склад",
"To Year","По год",
"Toggle Edit Mode","Переключить режим редактирования",
"Toggle Key Hints","Переключить подсказки клавиш",
"Toggle Linked Entries widget, not available in Quick Edit view.","Переключить виджет связанных записей, недоступен в режиме быстрого редактирования.",
"Toggle between Grid and List view","Переключить между видом сетки и списка",
"Toggle between form and full width","Переключить между формой и полной шириной",
"Toggle sidebar","Переключить боковую панель",
"Toggle the Create filter","Переключить фильтр создания",
"Toggle the Docs filter","Переключить фильтр документации",
"Toggle the List filter","Переключить фильтр списка",
"Toggle the Page filter","Переключить фильтр страницы",
"Toggle the Report filter","Переключить фильтр отчётов",
"Top Expenses","Основные расходы",
Total,Итого,
"Total Amount","Общая сумма",
"Total Asset (Debit)","Всего активов (Дебет)",
"Total Debit: ${0} must be equal to Total Credit: ${1}","Итого по дебету: ${0} должно быть равно итого по кредиту: ${1}",
"Total Discount","Общая скидка",
"Total Equity (Credit)","Всего капитала (Кредит)",
"Total Expense (Debit)","Всего расходов (Дебет)",
"Total Income (Credit)","Всего доходов (Кредит)",
"Total Liability (Credit)","Всего обязательств (Кредит)",
"Total Profit","Общая прибыль",
"Total Quantity","Общее количество",
"Total Spending","Всего расходов",
"Track Inventory","Учитывать запасы",
Transfer,Перемещение,
"Transfer No","Номер перемещения",
"Transfer Quantity","Количество перемещения",
"Transfer Type","Тип перемещения",
"Transfer Unit","Единица перемещения",
"Transfer Unit ${0} is not applicable for Item ${1}","Единица перемещения ${0} неприменима для товара ${1}",
"Transfer will cause future entries to have negative stock.","Перемещение приведёт к отрицательным запасам в будущих записях.",
"Travel Expenses","Командировочные расходы",
"Trial Balance","Оборотно-сальдовая ведомость",
Tu,Вт,
Twelve,Двенадцать,
Twenty,Двадцать,
Two,Два,
Type,Тип,
"Type to search...","Введите для поиска...",
UOM,"Ед. изм.",
"UOM Conversion Item","Товар для пересчёта единиц",
"UOM Conversions","Пересчёты единиц измерения",
"Unable to add an item to the return invoice.","Не удалось добавить товар в счёт возврата.",
Unit,Единица,
"Unit Type","Тип единицы",
Unpaid,"Не оплачено",
"Unpaid ${0}","Не оплачено ${0}",
"Unsecured Loans","Необеспеченные займы",
"Until Date","До даты",
"Use Full Width","Использовать полную ширину",
"Use List Filters","Использовать фильтры списка",
Used,Использовано,
"User Remark","Примечание пользователя",
"Utility Expenses","Коммунальные расходы",
"Valid From","Действует с",
"Valid From Date should be greather than Pricing Rule's Valid From Date.","Дата начала действия должна быть позже даты начала действия правила ценообразования.",
"Valid From Date should be less than Valid To Date.","Дата начала действия должна быть раньше даты окончания действия.",
"Valid To","Действует по",
"Valid To Date should be greater than Valid From Date.","Дата окончания действия должна быть позже даты начала действия.",
"Valid To Date should be lesser than Pricing Rule's Valid To Date.","Дата окончания действия должна быть раньше даты окончания действия правила ценообразования.",
"Validation Error","Ошибка проверки",
Validity,"Срок действия",
"Validity and Usage","Срок действия и использование",
Value,Значение,
"Value missing for ${0}","Отсутствует значение для ${0}",
"Value: ${0}","Значение: ${0}",
Version,Версия,
View,Просмотр,
"View Accounting Entries","Просмотр бухгалтерских записей",
"View Paid Invoices","Просмотр оплаченных счетов",
"View Purchases","Просмотр покупок",
"View Sales","Просмотр продаж",
"View Stock Entries","Просмотр записей по запасам",
"View Unpaid Invoices","Просмотр неоплаченных счетов",
"View linked entries","Просмотр связанных записей",
We,Ср,
"Weight Enabled Barcode","Штрихкод с поддержкой веса",
"Welcome to Frappe Books","Добро пожаловать в Frappe Books",
"When enabled, removes all default filters applied across the system, showing all available options instead of filtered ones.","Если включено, удаляет все фильтры по умолчанию, применяемые в системе, показывая все доступные варианты вместо отфильтрованных.",
"When linking documents, if no match is found and filtering is in effect, allow to disable filters.","При связывании документов, если совпадений не найдено и действует фильтрация, разрешить отключение фильтров.",
"Width (in cm)","Ширина (в см)",
"Write Off",Списание,
"Write Off Account","Счёт списания",
"Write Off Account ${0} does not exist. Please set Write Off Account in General Settings","Счёт списания ${0} не существует. Укажите счёт списания в общих настройках",
"Write Off Account not set. Please set Write Off Account in General Settings","Счёт списания не задан. Укажите счёт списания в общих настройках",
"Write Off Entry","Запись списания",
"Year to Date","С начала года",
Yearly,Ежегодно,
Years,Годы,
Yellow,Жёлтый,
Yes,Да,
Zero,Ноль,
and,и,
"check values and click on","проверьте значения и нажмите",
field,поле,
held,удержано,
"in Batch ${0}","в партии ${0}",
"item Group","группа товаров",
john@doe.com,john@doe.com,
"no need ${0} points to purchase this item","не требуется ${0} баллов для покупки этого товара",
only,только,
"to apply changes","чтобы применить изменения",